0.000000,2.792678,-0.092133,-14.382843,-0.747014,-0.663214,10.834093,0.028654,-0.003561,-0.066322,56.460000,30.119999,-139.500000
0.021000,3.575606,-0.160049,-14.116549,-0.747014,-0.663214,10.834093,0.028654,-0.003561,-0.066322,56.460000,30.119999,-139.500000
0.039000,3.525540,-0.116207,-14.083223,-0.747014,-0.663214,10.834093,0.028654,-0.003561,-0.066322,56.460000,30.119999,-139.500000
0.059000,3.356005,-0.085570,-14.033635,-0.747014,-0.663214,10.834093,0.028654,-0.003561,-0.066322,56.460000,30.119999,-139.500000
0.081000,3.098424,-0.092955,-13.950048,-0.747014,-0.663214,10.834093,0.028654,-0.003561,-0.066322,56.460000,30.119999,-139.500000
0.099000,2.836159,-0.105028,-13.838736,-0.747014,-0.663214,10.834093,0.028654,-0.003561,-0.066322,56.460000,30.119999,-139.500000
0.119000,2.602479,-0.099543,-13.772709,-0.747014,-0.663214,10.834093,0.028654,-0.003561,-0.066322,56.460000,30.119999,-139.500000
0.142000,2.370032,-0.062734,-13.778017,-0.747014,-0.663214,10.834093,0.028654,-0.003561,-0.066322,56.460000,30.119999,-139.500000
0.160000,2.138562,0.014186,-13.805923,-0.747014,-0.663214,10.834093,0.028654,-0.003561,-0.066322,56.460000,30.119999,-139.500000
0.179000,1.987894,0.031686,-13.823086,-0.747014,-0.663214,10.834093,0.028654,-0.003561,-0.066322,56.039997,30.660000,-139.440000
0.201000,1.592346,0.333523,-13.863417,-0.747014,-0.663214,10.834093,0.028654,-0.003561,-0.066322,56.399998,30.840000,-139.920000
0.219000,1.038103,0.806318,-13.926322,-0.747014,-0.663214,10.834093,0.028654,-0.003561,-0.066322,56.699997,30.480000,-139.680000
0.240000,0.593955,1.159203,-14.010908,-0.747014,-0.663214,10.834093,0.028654,-0.003561,-0.066322,55.620000,29.880000,-138.900000
0.262000,0.187957,1.462600,-14.079726,-0.747014,-0.663214,10.834093,-0.018993,0.075851,-0.035778,56.100000,30.000000,-139.020000
0.279000,-0.175662,1.762975,-14.114640,-0.747014,-0.663214,10.834093,0.016437,-0.004172,-0.010122,56.879997,29.939999,-139.260000
0.300000,-0.380913,1.861262,-14.107480,-0.747014,-0.663214,10.834093,0.294992,-0.365194,0.057073,56.579998,29.880000,-139.800000
0.321000,-0.311983,1.700203,-14.044610,-0.747014,-0.663214,10.834093,0.343250,-0.180101,0.084562,56.579998,29.939999,-139.500000
0.340000,-0.263399,1.756449,-13.964925,-0.747014,-0.663214,10.834093,0.238792,-0.096413,0.050964,55.739998,29.099998,-139.200000
0.362000,-0.326419,1.858921,-13.923705,-0.747014,-0.663214,10.834093,0.128836,-0.031661,0.035693,55.440000,28.439999,-139.620000
0.382000,-0.507099,2.064068,-13.885166,-0.114925,0.040703,9.335278,-0.044038,0.221237,0.029584,55.620000,28.380000,-139.020000
0.400000,-0.720186,2.418492,-13.850522,-0.174782,-0.038308,9.239507,-0.077636,0.266441,0.014923,55.980000,28.619999,-138.900000
0.422000,-0.835923,2.682008,-13.830687,-0.454912,0.000000,9.653716,-0.002500,-0.005394,0.020421,56.640000,29.220000,-139.020000
0.442000,-0.875657,2.634448,-13.787992,-0.086194,-0.189148,9.385557,-0.108179,-0.053652,0.057684,56.699997,29.400000,-138.720000
0.464000,-1.033622,2.580725,-13.717199,-0.138868,-0.272947,9.713572,-0.194311,-0.079309,0.044245,56.579998,29.220000,-138.959990
0.482000,-1.248764,2.467188,-13.656746,-0.155628,-0.179571,9.986520,-0.164379,-0.090304,0.044245,56.160000,29.099998,-139.500000
0.505000,-1.424486,2.373537,-13.602303,-0.368718,-0.174782,10.178062,-0.113677,-0.071978,0.043023,56.520000,29.580000,-139.620000
0.522000,-1.508802,2.265793,-13.542746,-0.418998,0.043097,10.247497,0.008496,-0.106798,0.075399,56.640000,29.460000,-139.440000
0.542000,-1.451834,2.146316,-13.449221,-0.177176,0.004789,10.333690,0.066528,0.076462,0.077232,55.980000,28.560000,-139.080000
0.581000,-1.355142,2.309545,-13.380199,-0.210696,-0.093377,9.548367,-0.003111,0.126553,-0.001570,56.219997,28.740000,-139.020000
0.581000,-1.335221,2.543035,-13.343810,-0.210696,-0.093377,9.548367,-0.003111,0.126553,-0.001570,56.219997,28.740000,-139.020000
0.605000,-1.292127,2.596367,-13.350602,-0.469278,-0.160416,9.706390,0.016437,-0.066480,-0.002792,56.940000,29.220000,-138.840000
0.635000,-1.254867,2.479901,-13.348091,-0.332804,-0.268159,9.862018,-0.009219,-0.088472,0.009426,56.579998,29.220000,-138.660000
0.641000,-1.257914,2.393216,-13.334916,-0.308861,-0.239427,9.701602,-0.031210,0.014154,0.012480,56.100000,29.160000,-139.500000
0.662000,-1.296348,2.411343,-13.322805,-0.438152,-0.222668,9.639350,-0.088632,0.052027,0.004539,56.460000,29.699999,-139.620000
0.684000,-1.411928,2.460298,-13.312209,-0.349564,-0.294496,9.850046,-0.157659,0.014154,0.006982,56.399998,29.519999,-138.959990
0.701000,-1.591438,2.455842,-13.297380,-0.347170,-0.323227,10.206794,-0.162546,-0.015779,0.000874,56.879997,28.980000,-139.800000
0.721000,-1.749463,2.430436,-13.287780,-0.390267,-0.215485,10.233130,-0.072749,-0.012724,0.002706,57.120000,29.640000,-139.620000
0.743000,-1.784408,2.442867,-13.288903,-0.418998,-0.215485,9.890749,-0.006165,0.083792,-0.008289,56.160000,30.000000,-139.020000
0.776000,-1.786627,2.538356,-13.301234,-0.342381,-0.251399,9.605830,-0.050147,0.108227,-0.027837,55.320000,30.240000,-138.900000
0.791000,-1.863683,2.632712,-13.334052,-0.363930,-0.318439,9.490906,-0.177207,0.042254,-0.042498,55.739998,30.179998,-138.840000
0.810000,-2.085993,2.626150,-13.374876,-0.433364,-0.239427,9.890749,-0.261507,-0.089082,-0.042498,56.520000,29.880000,-139.020000
0.830000,-2.346024,2.490705,-13.408301,-0.411815,-0.270553,10.077502,-0.179040,-0.152612,-0.030281,56.640000,29.880000,-139.080000
0.843000,-2.475131,2.306712,-13.431736,-0.301679,-0.280130,10.216371,-0.035486,-0.147115,-0.014398,56.280000,30.000000,-138.660000
0.872000,-2.433170,2.143143,-13.447577,-0.270553,-0.294496,10.060742,0.120895,-0.094580,-0.014398,55.800000,30.240000,-138.720000
0.887000,-2.228574,2.061125,-13.472970,-0.256187,-0.409421,9.636956,0.190534,-0.020666,-0.024783,55.680000,30.179998,-139.080000
0.904000,-2.034296,2.027570,-13.509329,-0.361536,-0.349564,9.603436,0.039650,-0.044489,-0.026615,55.860000,29.400000,-138.780000
0.924000,-2.044504,1.961923,-13.533180,-0.351958,-0.325621,10.029617,-0.122840,-0.057928,-0.004013,56.399998,28.859999,-139.140000
0.941000,-2.187394,1.915085,-13.528281,-0.239427,-0.339987,10.151725,-0.126505,0.009267,0.008815,56.340000,29.640000,-138.959990
0.964000,-2.300080,1.943137,-13.512415,-0.215485,-0.399844,10.106234,-0.042206,0.054471,0.000874,56.039997,30.179998,-138.300000
0.995000,-2.319776,1.984304,-13.513923,-0.430969,-0.256187,10.029617,0.009718,0.024538,-0.009511,56.520000,29.820000,-138.660000
1.009000,-2.290927,1.998413,-13.528764,-0.385478,-0.361536,9.732727,0.008496,-0.013335,-0.008900,56.399998,29.400000,-139.200000
1.022000,-2.284733,1.975897,-13.537803,-0.399844,-0.342381,9.864412,-0.030599,-0.025552,-0.006457,56.100000,30.000000,-139.560000
1.043000,-2.307244,1.942341,-13.541533,-0.380690,-0.368718,10.101445,-0.003721,-0.025552,0.003928,56.460000,30.420000,-139.800000
1.062000,-2.289657,1.931905,-13.537939,-0.268159,-0.428575,10.020041,0.039650,0.009267,0.006371,56.039997,30.240000,-139.739990
1.084000,-2.244126,1.942921,-13.533097,-0.277736,-0.380690,9.696813,0.017048,0.003769,0.003317,55.500000,30.179998,-139.500000
1.104000,-2.237619,1.930344,-13.530641,-0.249005,-0.363930,9.646533,-0.039152,-0.046933,0.002095,56.219997,30.240000,-139.440000
1.122000,-2.293326,1.868536,-13.526336,-0.289707,-0.299284,9.806950,-0.082523,-0.066480,0.006371,56.699997,30.480000,-139.260000
1.142000,-2.374795,1.790688,-13.513513,-0.253793,-0.395055,9.833286,-0.040984,-0.038381,0.011258,56.460000,30.840000,-138.540000
1.172000,-2.402700,1.764332,-13.499908,-0.330410,-0.373507,9.852441,-0.017771,0.028815,0.015534,55.800000,31.380000,-138.660000
1.183000,-2.413034,1.830226,-13.473465,-0.363930,-0.399844,9.749487,-0.028767,0.119833,0.035082,55.500000,31.439999,-139.140000
1.204000,-2.462136,1.981654,-13.432569,-0.246610,-0.474066,9.639350,-0.141777,0.141214,0.030195,56.100000,30.720000,-139.560000
1.224000,-2.659655,2.122098,-13.391639,-0.134079,-0.569837,9.366403,-0.281665,0.114947,0.017367,56.280000,30.539999,-138.720000
1.241000,-3.017562,2.231782,-13.364517,-0.301679,-0.524346,9.364009,-0.423997,0.120444,0.003317,56.520000,31.019999,-138.660000
1.262000,-3.510766,2.343542,-13.347822,-0.435758,-0.648849,9.586677,-0.513794,0.120444,-0.018063,56.940000,31.439999,-139.620000
1.284000,-4.107281,2.468653,-13.339802,-0.421392,-0.677580,10.199611,-0.583433,0.116779,-0.013787,56.460000,32.040000,-139.140000
1.303000,-4.766090,2.597971,-13.328628,-0.481249,-0.770957,10.178062,-0.576102,0.112503,-0.026615,55.920000,32.520000,-138.780000
1.322000,-5.400309,2.714973,-13.335291,-0.574626,-0.960104,10.094262,-0.504631,0.072186,-0.039444,56.640000,32.700000,-138.599990
1.343000,-5.935865,2.786271,-13.353849,-0.610540,-1.039115,9.883567,-0.425829,0.090512,-0.029670,57.300000,33.360000,-138.599990
1.372000,-6.400343,2.917576,-13.360999,-0.663214,-1.218686,9.718362,-0.400784,0.168703,-0.008289,57.120000,34.440000,-138.120000
1.383000,-6.854354,3.107245,-13.338546,-0.517163,-1.247417,10.108628,-0.428884,0.140603,0.013091,56.579998,34.739998,-138.000000
1.404000,-7.335670,3.269828,-13.295177,-0.529135,-1.312063,10.180456,-0.429494,0.116168,0.013091,56.760000,34.620000,-138.959990
1.423000,-7.800360,3.377667,-13.255562,-0.471672,-1.285726,10.051166,-0.360467,0.034923,0.001484,56.820000,35.219997,-138.720000
1.441000,-8.166630,3.417868,-13.236419,-0.620117,-1.359948,9.629773,-0.253565,0.055693,-0.011344,56.340000,35.640000,-138.060000
1.465000,-8.417325,3.480055,-13.235475,-0.682368,-1.482056,9.495694,-0.202863,0.031258,-0.006457,56.699997,35.940000,-138.120000
1.482000,-8.664464,3.511675,-13.223173,-0.579415,-1.599376,9.696813,-0.296326,0.020262,0.006371,57.059998,36.660000,-138.300000
1.502000,-9.029712,3.530532,-13.191686,-0.498009,-1.637684,9.783007,-0.403838,-0.029829,0.008815,57.360000,37.380000,-138.300000
1.524000,-9.496669,3.488182,-13.158418,-0.421392,-1.599376,9.605830,-0.423386,-0.073200,-0.008900,57.960000,37.620000,-137.760000
1.542000,-9.967467,3.387670,-13.148631,-0.471672,-1.716695,9.675264,-0.398340,-0.115350,-0.032113,57.600000,37.980000,-137.459990
1.576000,-10.400928,3.245229,-13.162189,-0.502798,-1.766975,9.720756,-0.345806,-0.122680,-0.032113,57.239998,38.399998,-137.760000
1.585000,-10.778745,3.113614,-13.177790,-0.464489,-1.869929,9.495694,-0.322593,-0.067702,-0.031502,56.940000,38.460000,-138.239990
1.605000,-11.142986,3.037491,-13.195413,-0.385478,-1.920208,9.349643,-0.361078,-0.065870,-0.041276,56.340000,39.239998,-138.000000
1.625000,-11.586693,2.939341,-13.225424,-0.351958,-1.965700,9.364009,-0.452707,-0.134897,-0.047385,56.520000,39.540000,-137.819990
1.644000,-12.103621,2.755258,-13.254854,-0.395055,-1.948940,9.531608,-0.451486,-0.186821,-0.044330,56.219997,39.660000,-137.400000
1.666000,-12.600640,2.537592,-13.281472,-0.454912,-2.118933,9.359220,-0.420942,-0.163608,-0.038833,56.219997,40.440000,-136.680000
1.682000,-13.063953,2.354810,-13.302639,-0.361536,-2.214704,8.767835,-0.421553,-0.170938,-0.032724,56.940000,40.980000,-136.800000
1.709000,-13.569686,2.130001,-13.318077,-0.313650,-2.355966,9.122187,-0.538228,-0.232025,-0.028448,56.940000,41.280000,-136.260000
1.722000,-14.209169,1.844521,-13.331477,-0.308861,-2.430189,9.557945,-0.631080,-0.291279,-0.033335,56.160000,41.940000,-135.840000
1.743000,-14.929109,1.519665,-13.342688,-0.354353,-2.664828,9.715967,-0.652460,-0.251573,-0.022339,55.800000,42.120000,-136.440000
1.773000,-15.654578,1.264262,-13.337404,-0.366324,-2.717502,9.749487,-0.598704,-0.118404,0.021643,55.320000,43.140000,-136.260000
1.784000,-16.296907,1.187920,-13.284917,-0.306467,-2.834821,9.507666,-0.526011,0.008656,0.050354,55.140000,44.579998,-136.200000
1.802000,-16.871485,1.255285,-13.203911,-0.208302,-2.913832,9.344854,-0.500966,0.078295,0.074788,55.440000,44.640000,-135.780000
1.825000,-17.425047,1.380677,-13.099044,-0.059857,-2.997632,9.459780,-0.499744,0.054471,0.080286,55.260000,45.480000,-135.540000
1.842000,-17.975573,1.465368,-12.992802,-0.162811,-3.016786,9.452597,-0.483251,0.020873,0.071734,55.320000,45.600000,-135.840000
1.862000,-18.511532,1.500995,-12.897896,-0.325621,-3.150866,9.555551,-0.503409,-0.023720,0.055851,55.379997,45.840000,-135.900000
1.894000,-19.086271,1.500244,-12.813656,-0.325621,-3.433390,9.273026,-0.593817,-0.033494,0.054019,55.500000,47.460000,-135.300000
1.903000,-19.790073,1.475777,-12.732600,-0.169993,-3.706338,9.146130,-0.794792,-0.102522,0.033860,55.860000,47.700000,-134.459990
1.921000,-20.720484,1.360980,-12.673166,-0.155628,-3.574652,9.366403,-0.872372,-0.142228,0.017978,56.039997,48.420000,-134.280000
1.947000,-21.692934,1.249753,-12.645462,-0.289707,-3.828445,9.148524,-0.807009,0.001936,-0.032724,54.899998,50.219997,-133.739990
1.977000,-22.569353,1.246086,-12.674940,-0.265765,-4.015199,8.865999,-0.732484,-0.065259,-0.048607,54.539997,51.180000,-132.900000
1.984000,-23.409786,1.117640,-12.717197,-0.136474,-4.180404,8.954588,-0.801511,-0.127567,-0.058991,54.059998,51.960000,-132.239990
2.004000,-24.342983,0.962425,-12.771426,-0.169993,-4.302512,9.328095,-0.885200,-0.116571,-0.052272,54.059998,53.100000,-130.980000
2.023000,-25.338184,0.819883,-12.811538,-0.299284,-4.297723,9.208381,-0.858322,-0.065259,-0.037000,54.719997,53.579998,-130.500000
2.041000,-26.272652,0.762425,-12.833454,-0.174782,-4.467717,8.748680,-0.775244,-0.013946,-0.008289,54.420000,53.699997,-130.500000
2.066000,-27.109613,0.733231,-12.826010,-0.067040,-4.685596,8.703189,-0.708660,-0.069535,0.000874,54.300000,54.840000,-129.959990
2.086000,-27.892560,0.673959,-12.811874,-0.141262,-4.738270,8.770228,-0.674451,-0.027385,0.008204,54.600000,55.860000,-129.660000
2.102000,-28.628202,0.675791,-12.782949,-0.090982,-4.762213,8.688824,-0.626193,0.025760,0.027141,54.780000,56.760000,-128.580000
2.125000,-29.321173,0.740455,-12.742671,-0.241822,-5.085440,8.169266,-0.617030,-0.013335,0.025308,54.600000,58.199997,-127.860000
2.145000,-30.009813,0.703096,-12.689746,-0.064645,-5.229096,8.509253,-0.607256,-0.137341,0.041191,54.600000,58.440000,-128.040000
2.177000,-30.701277,0.582674,-12.616312,-0.093377,-5.276982,9.004868,-0.627415,-0.126345,0.048521,54.059998,58.079998,-127.259995
2.184000,-31.401314,0.507628,-12.543858,-0.229850,-5.274588,8.911490,-0.602369,0.011710,0.038747,54.660000,58.859997,-126.420000
2.212000,-32.057370,0.588035,-12.494166,-0.088588,-5.425427,8.468550,-0.520513,0.176644,0.016756,55.260000,59.640000,-126.060000
2.222000,-32.642586,0.817551,-12.492765,-0.052674,-5.473312,8.023215,-0.606645,0.200468,-0.021728,55.020000,59.940000,-125.399994
2.245000,-33.368904,0.996245,-12.534297,-0.105348,-5.540352,8.013638,-0.750199,0.067910,-0.049217,54.960000,60.960000,-124.680000
2.262000,-34.252342,1.018991,-12.594835,-0.146051,-5.731894,8.176449,-0.850381,-0.003561,-0.054715,54.840000,61.559998,-123.659996
2.286000,-35.201733,0.944181,-12.650705,-0.107742,-5.870762,8.717555,-0.772801,-0.093969,-0.051661,54.660000,61.620000,-123.180000
2.304000,-36.005295,0.833995,-12.703694,-0.079011,-5.856396,8.619390,-0.575491,0.058136,-0.048607,54.300000,61.980000,-122.460000
2.322000,-36.581688,0.920590,-12.774353,0.067040,-5.990476,7.589851,-0.476531,0.215739,-0.046774,54.600000,62.879997,-121.560000
2.344000,-37.107822,1.131524,-12.860378,0.129291,-6.124555,7.518023,-0.481418,0.191916,-0.057770,55.260000,63.480000,-121.740000
2.380000,-37.651066,1.250005,-12.965609,-0.184359,-6.019207,7.927444,-0.467368,0.033091,-0.083426,55.199997,63.719997,-121.619995
2.385000,-38.150993,1.145002,-13.077504,-0.181965,-6.155681,7.654497,-0.398340,-0.134287,-0.103584,54.420000,63.660000,-121.500000
2.403000,-38.591545,0.868498,-13.194170,-0.126897,-6.143709,7.611400,-0.404449,-0.229581,-0.096865,54.000000,63.960000,-121.140000
2.423000,-39.049740,0.527012,-13.283108,-0.074223,-6.222720,7.515629,-0.416055,-0.223473,-0.070598,54.059998,64.500000,-119.939995
2.442000,-39.515670,0.238041,-13.337794,-0.155628,-6.138921,7.254652,-0.414223,-0.145282,-0.037611,54.059998,64.860000,-119.159996
2.462000,-39.979540,0.073379,-13.351938,-0.002394,-6.387925,7.546754,-0.408725,-0.064037,-0.000959,54.719997,65.159996,-118.380000
2.484000,-40.438960,0.048296,-13.339100,-0.169993,-6.507639,7.609006,-0.399562,0.107005,0.013091,54.960000,65.520000,-118.200000
2.502000,-40.891167,0.235068,-13.332574,-0.208302,-6.502851,7.508446,-0.433160,0.181531,0.028362,54.180000,65.880000,-117.659996
2.522000,-41.377724,0.497678,-13.312280,-0.158022,-6.533976,7.419857,-0.437436,0.238341,0.042412,54.360000,66.240000,-117.060000
2.545000,-41.861465,0.878557,-13.294054,-0.165205,-6.620170,7.307327,-0.420331,0.430764,0.045467,54.899998,66.540000,-117.119995
2.572000,-42.320633,1.448696,-13.305644,-0.150839,-6.622564,6.938608,-0.365964,0.456420,0.036915,54.899998,66.119995,-116.700000
2.581000,-42.729664,1.964252,-13.327681,-0.349564,-6.873963,7.096631,-0.371462,0.296374,0.013091,54.780000,65.939995,-116.880000
2.603000,-43.138900,2.282556,-13.346222,-0.407027,-6.890723,7.264230,-0.312208,0.171146,0.019810,55.320000,66.119995,-117.240000
2.623000,-43.459990,2.491620,-13.335275,-0.344776,-6.996071,7.240287,-0.227298,0.120444,0.025919,55.680000,66.659996,-116.880000
2.643000,-43.710335,2.665104,-13.323189,-0.351958,-6.718335,7.127756,-0.172931,0.105173,0.017978,55.140000,67.020000,-116.640000
2.666000,-43.876373,2.787228,-13.310803,-0.294496,-6.730307,6.950580,-0.068473,0.041032,0.019199,55.079998,67.320000,-116.040000
2.685000,-43.908134,2.858368,-13.294405,-0.186753,-6.804529,6.900300,0.080578,0.048362,0.016145,55.140000,67.439995,-115.439995
2.702000,-43.799800,2.912942,-13.291289,-0.395055,-6.850020,6.802135,0.089130,-0.006005,-0.002181,55.440000,67.080000,-115.560000
2.724000,-43.731815,2.846730,-13.296522,-0.454912,-6.888329,7.383944,-0.044649,-0.178269,-0.013176,56.160000,66.840000,-115.740000
2.743000,-43.800762,2.625421,-13.274214,-0.332804,-6.919454,7.465349,-0.045871,-0.112295,-0.005846,56.100000,67.200000,-115.799995
2.779000,-43.829582,2.544184,-13.262814,-0.306467,-6.859597,6.838049,0.017048,0.010489,-0.000348,55.500000,67.380000,-115.799995
2.793000,-43.816220,2.526546,-13.266062,-0.318439,-6.818895,6.991282,0.004220,-0.116571,-0.013176,56.039997,67.140000,-115.740000
2.808000,-43.817280,2.375893,-13.259583,-0.418998,-6.926637,7.103813,0.008496,-0.086639,-0.010122,55.860000,67.500000,-115.560000
2.822000,-43.815422,2.308918,-13.245059,-0.457306,-6.864386,7.077477,-0.006776,-0.015779,0.011258,55.320000,67.080000,-115.680000
2.844000,-43.841180,2.337226,-13.209915,-0.277736,-6.833260,6.909877,-0.039152,0.008045,0.019199,55.440000,66.780000,-115.860000
2.862000,-43.897724,2.368041,-13.173576,-0.229850,-6.850020,7.003254,-0.042206,-0.049376,0.010037,55.140000,67.020000,-115.680000
2.885000,-43.948875,2.318157,-13.148274,-0.268159,-6.818895,6.864386,-0.007997,-0.078087,0.000874,54.840000,67.380000,-115.380000
2.903000,-43.965560,2.218733,-13.128134,-0.342381,-6.830866,7.000860,-0.017771,-0.117182,-0.005846,54.780000,67.439995,-115.680000
2.922000,-44.008910,2.087880,-13.113858,-0.332804,-6.912272,7.034380,-0.044038,-0.095802,-0.014398,55.559998,67.320000,-115.920000
2.942000,-44.064907,1.995840,-13.101604,-0.256187,-6.885934,7.046351,-0.059310,-0.078698,-0.004624,56.100000,67.920000,-115.140000
2.973000,-44.156240,1.919610,-13.092967,-0.318439,-6.787769,6.976917,-0.104514,-0.074422,-0.022339,55.500000,67.500000,-114.659996
2.983000,-44.287430,1.818833,-13.100423,-0.241822,-6.826078,6.945791,-0.115510,-0.117182,-0.033946,54.660000,66.840000,-115.020000
3.001000,-44.413033,1.663014,-13.110148,-0.177176,-7.012831,6.747066,-0.087410,-0.135508,-0.021728,54.600000,67.380000,-114.720000
3.025000,-44.547916,1.490424,-13.102985,-0.217879,-6.986494,7.156487,-0.202253,-0.213088,-0.025394,54.719997,67.619995,-114.360000
3.042000,-44.804930,1.217042,-13.080083,-0.181965,-6.998465,7.185219,-0.233407,-0.247297,-0.021728,54.239998,67.439995,-114.000000
3.062000,-45.043095,0.974187,-13.043097,-0.117319,-7.146910,7.312115,-0.168044,-0.135508,-0.002181,54.600000,67.560000,-113.579994
3.085000,-45.184364,0.904381,-13.005697,-0.107742,-7.041562,6.941003,-0.031210,0.059969,0.024086,54.719997,68.159996,-113.759995
3.105000,-45.191795,1.020875,-12.967381,-0.023943,-6.972128,6.912272,0.007274,0.041032,0.037525,54.000000,68.280000,-113.520000
3.122000,-45.167550,1.108853,-12.927403,-0.069434,-6.996071,6.742278,0.028044,0.020262,0.028362,54.180000,68.040000,-113.700000
3.146000,-45.141610,1.145821,-12.893168,-0.136474,-6.974523,6.859597,0.018881,-0.002950,0.021643,54.420000,67.860000,-113.939995
3.194000,-45.117466,1.156624,-12.860210,-0.114925,-6.969734,6.924243,0.058587,-0.006616,0.031417,54.360000,67.799995,-113.640000
3.194000,-45.074290,1.157568,-12.816162,-0.114925,-6.969734,6.924243,0.058587,-0.006616,0.031417,54.360000,67.799995,-113.640000
3.202000,-45.000706,1.190149,-12.774684,-0.158022,-7.020014,6.818895,0.070193,0.003769,0.028973,54.539997,67.680000,-113.280000
3.222000,-44.950810,1.212709,-12.735868,-0.165205,-7.008042,6.802135,-0.012274,-0.037159,0.017978,54.660000,67.799995,-114.360000
3.298000,-45.014633,1.171802,-12.703407,-0.131685,-7.017620,6.912272,-0.116731,-0.028607,-0.004624,55.079998,67.020000,-113.159996
3.298000,-45.145145,1.107159,-12.684375,-0.131685,-7.017620,6.912272,-0.116731,-0.028607,-0.004624,55.079998,67.020000,-113.159996
3.299000,-45.285910,1.069779,-12.683359,-0.117319,-7.115785,7.130150,-0.119786,-0.018833,-0.013176,55.079998,67.020000,-113.159996
3.304000,-45.411854,1.050926,-12.700153,-0.021548,-7.218739,7.103813,-0.065419,0.045308,-0.010122,54.539997,67.320000,-113.399994
3.322000,-45.461530,1.120787,-12.727571,-0.093377,-7.084659,6.823683,-0.011052,0.109449,0.000874,54.120000,67.920000,-114.060000
3.341000,-45.480300,1.230713,-12.752920,-0.105348,-6.969734,6.852415,-0.028156,0.059358,0.002706,54.420000,68.340000,-113.759995
3.376000,-45.506640,1.282191,-12.763957,-0.110137,-6.960157,6.802135,0.016437,0.023928,0.006371,55.199997,68.100000,-113.100000
3.384000,-45.479218,1.291508,-12.763036,-0.143656,-6.969734,6.833260,0.016437,-0.047544,-0.001570,54.899998,68.100000,-113.759995
3.402000,-45.475750,1.212341,-12.762922,-0.181965,-7.020014,7.055928,-0.009830,-0.063426,-0.018063,54.480000,68.340000,-113.759995
3.422000,-45.475525,1.137116,-12.776042,-0.253793,-7.122968,6.838049,0.024989,-0.006616,-0.005846,54.000000,68.400000,-113.159996
3.445000,-45.443306,1.155637,-12.776973,-0.241822,-7.110996,6.991282,0.034152,0.033701,0.018589,54.239998,68.280000,-113.399994
3.461000,-45.413754,1.249690,-12.751707,-0.239427,-7.029591,6.909877,0.030487,0.097842,0.027141,54.719997,67.680000,-113.340000
3.481000,-45.390514,1.396608,-12.730127,-0.177176,-7.043956,6.785375,-0.002500,0.052027,0.012480,54.239998,67.320000,-114.000000
3.504000,-45.418860,1.439431,-12.730557,-0.155628,-7.127756,7.132544,-0.042817,-0.014557,-0.017452,54.660000,67.560000,-114.840000
3.520000,-45.460613,1.412116,-12.757554,-0.198725,-7.046351,6.981705,0.023768,0.073408,-0.023561,55.140000,68.100000,-113.880000
3.542000,-45.424393,1.486863,-12.805167,-0.193936,-7.055928,6.663267,0.039039,0.103340,-0.015009,54.899998,68.100000,-113.159996
3.572000,-45.397930,1.581154,-12.841012,-0.203513,-6.974523,6.682421,0.002998,0.049584,-0.008289,54.899998,67.560000,-113.159996
3.581000,-45.424545,1.607742,-12.861093,-0.177176,-6.936214,7.000860,-0.039762,-0.029829,-0.012565,55.140000,67.080000,-113.640000
3.602000,-45.466730,1.559977,-12.872207,-0.191542,-6.988888,6.960157,-0.003111,-0.023720,-0.003403,55.440000,67.080000,-114.479996
3.624000,-45.456623,1.542684,-12.871767,-0.220273,-7.000860,6.814106,0.036596,0.011099,0.005150,54.600000,67.500000,-114.119995
3.641000,-45.421307,1.560162,-12.863516,-0.277736,-6.869174,7.079871,0.019491,0.011710,0.006982,54.180000,67.500000,-113.340000
3.664000,-45.383860,1.588067,-12.852067,-0.181965,-6.952974,6.763826,0.054311,0.020262,0.010647,54.180000,67.680000,-113.280000
3.686000,-45.326130,1.612316,-12.843472,-0.162811,-7.024802,6.854809,0.028044,-0.017000,-0.005235,53.820000,68.040000,-113.759995
3.705000,-45.301075,1.562880,-12.854402,-0.177176,-7.142122,6.739883,0.013994,-0.073811,-0.027837,54.180000,68.700000,-114.119995
3.723000,-45.302050,1.430880,-12.875714,-0.229850,-7.063111,6.974523,0.020102,-0.087861,-0.033335,54.840000,68.580000,-113.939995
3.747000,-45.272636,1.322833,-12.896135,-0.093377,-7.115785,7.070293,0.058587,-0.049376,-0.013176,54.899998,67.680000,-113.820000
3.779000,-45.216187,1.275563,-12.905273,-0.155628,-6.969734,6.893117,0.065306,0.025760,-0.010122,54.480000,67.740000,-114.180000
3.794000,-45.140660,1.288400,-12.919638,-0.076617,-6.924243,6.787769,0.073248,-0.016390,-0.007679,54.780000,67.860000,-114.420000
3.807000,-45.079580,1.243364,-12.928782,-0.143656,-6.957763,6.919454,0.037207,-0.071367,-0.018063,53.940000,67.560000,-114.360000
3.825000,-45.051403,1.123352,-12.939409,-0.167599,-6.993677,7.015225,0.051867,-0.108019,-0.015009,53.100000,67.680000,-114.240000
3.845000,-44.988125,0.993112,-12.934545,-0.160416,-7.017620,7.010436,0.063474,-0.068313,-0.002181,53.940000,67.680000,-114.060000
3.863000,-44.929745,0.937494,-12.917549,-0.153234,-7.015225,7.055928,0.054922,-0.007837,0.010037,54.420000,67.680000,-114.299995
3.884000,-44.861904,0.964607,-12.897244,-0.102954,-6.988888,7.020014,0.082411,0.048362,0.020421,54.360000,67.080000,-114.420000
3.906000,-44.769690,1.053323,-12.878299,-0.129291,-6.852415,7.000860,0.079967,0.045919,0.016145,54.480000,67.020000,-114.240000
3.925000,-44.681114,1.109079,-12.864211,-0.040703,-6.878752,6.902694,0.070193,0.000104,0.006371,54.960000,67.560000,-114.360000
3.942000,-44.617920,1.095977,-12.862550,-0.110137,-6.857203,6.821289,0.035985,-0.033494,-0.010733,55.020000,67.200000,-114.720000
3.976000,-44.591020,1.017567,-12.870355,-0.098165,-6.893117,7.031985,0.003609,-0.135508,-0.014398,54.300000,66.720000,-114.540000
3.994000,-44.588680,0.845734,-12.867317,-0.045491,-6.907483,7.221133,0.042704,-0.080530,-0.013787,53.699997,67.020000,-114.780000
4.006000,-44.515343,0.774951,-12.871524,-0.074223,-6.883540,6.960157,0.116619,0.018430,0.002706,54.539997,67.260000,-115.140000
4.031000,-44.375920,0.798732,-12.871015,-0.090982,-6.857203,6.802135,0.137388,-0.007227,0.007593,54.780000,66.960000,-114.720000
4.046000,-44.239254,0.767932,-12.859708,-0.110137,-6.907483,6.929031,0.107456,-0.087250,0.005760,54.180000,66.600000,-114.479996
4.064000,-44.146713,0.668249,-12.831740,-0.095771,-6.857203,7.190007,0.068361,-0.081141,0.006371,53.940000,66.540000,-114.720000
4.081000,-44.074184,0.605237,-12.806882,-0.047885,-6.893117,7.139728,0.089741,-0.029218,0.011258,53.460000,67.020000,-114.840000
4.117000,-43.968620,0.586185,-12.787254,-0.074223,-6.816500,7.122968,0.122728,-0.021887,0.005760,53.579998,67.140000,-114.720000
4.139000,-43.829575,0.551694,-12.776895,-0.021548,-6.814106,7.185219,0.130669,-0.060372,-0.002792,53.879997,66.720000,-114.540000
4.150000,-43.680515,0.476336,-12.772363,-0.057463,-6.689604,7.187613,0.153882,-0.051209,-0.002181,53.340000,66.780000,-114.960000
4.188000,-43.505913,0.423754,-12.769141,0.002394,-6.823683,7.412675,0.174651,0.008656,0.010647,54.780000,66.479996,-115.680000
4.188000,-43.321490,0.416404,-12.771643,0.002394,-6.823683,7.412675,0.174651,0.008656,0.010647,54.780000,66.479996,-115.680000
4.206000,-43.110573,0.454932,-12.763341,-0.035914,-6.794952,7.630554,0.243068,0.108838,0.018589,54.360000,67.020000,-115.799995
4.223000,-42.794980,0.619224,-12.760182,-0.067040,-6.593833,7.304933,0.371961,0.185196,0.044856,53.820000,66.299995,-116.219990
4.242000,-42.321780,0.891996,-12.735653,-0.232245,-6.431022,7.113390,0.520401,0.266441,0.070512,53.940000,66.420000,-117.540000
4.261000,-41.702274,1.268002,-12.684703,-0.208302,-6.375954,7.039168,0.554609,0.229789,0.099834,54.660000,66.600000,-117.899994
4.287000,-41.095543,1.574797,-12.588255,-0.217879,-6.380743,6.929031,0.469088,0.049584,0.093114,54.660000,65.700000,-118.259995
4.304000,-40.607635,1.627869,-12.480067,-0.071828,-6.323280,7.441406,0.357911,-0.167273,0.058295,54.600000,64.979996,-118.979996
4.322000,-40.221367,1.439535,-12.394500,-0.270553,-6.220326,7.465349,0.345083,-0.230192,0.027752,54.600000,64.380000,-119.579994
4.350000,-39.829258,1.200221,-12.336519,-0.277736,-6.366377,7.575486,0.356689,-0.178269,0.011258,54.300000,63.899998,-119.460000
4.386000,-39.453050,1.027976,-12.305855,-0.217879,-6.459753,7.769422,0.267503,-0.099467,-0.002792,54.059998,63.840000,-119.640000
4.392000,-39.193264,0.914269,-12.301912,-0.210696,-6.344828,7.951386,0.145330,-0.094580,-0.020507,54.000000,64.979996,-119.460000
4.405000,-39.061790,0.779746,-12.325533,-0.143656,-6.265817,7.905895,0.070193,-0.094580,-0.044330,53.879997,65.040000,-119.219990
4.429000,-38.990707,0.655945,-12.378990,-0.069434,-6.308914,7.982512,0.081800,-0.014557,-0.049828,54.480000,64.439995,-119.219990
4.441000,-38.877980,0.623763,-12.445977,0.023943,-6.205960,8.068706,0.179538,0.075240,-0.038833,54.180000,64.380000,-118.920000
4.463000,-38.628540,0.700450,-12.505712,-0.112531,-6.210749,8.004061,0.338363,0.161983,-0.017452,53.100000,63.960000,-119.700000
4.482000,-38.199368,0.892772,-12.550784,-0.191542,-6.069487,7.721536,0.467867,0.242006,-0.006457,53.399998,63.960000,-120.420000
4.505000,-37.644110,1.158400,-12.586743,-0.162811,-6.112584,7.688016,0.484971,0.150377,0.035082,53.760000,63.840000,-121.140000
4.525000,-37.130770,1.322780,-12.557814,-0.272947,-5.861185,7.915472,0.404337,0.070353,0.045467,54.059998,62.879997,-121.619995
4.542000,-36.656320,1.425191,-12.508141,-0.225062,-5.877944,8.322499,0.497799,0.044086,0.058295,54.420000,62.640000,-122.100000
4.574000,-36.002728,1.510880,-12.452946,-0.234639,-5.892310,8.308133,0.739091,0.095399,0.043634,54.719997,62.579998,-121.979996
4.583000,-35.138847,1.664585,-12.426099,-0.237033,-5.638517,8.126168,0.798345,0.216350,0.037525,55.199997,61.079998,-122.460000
4.608000,-34.233532,1.952821,-12.423224,-0.330410,-5.415850,8.207574,0.820947,0.321419,0.049132,55.500000,60.300000,-124.079994
4.622000,-33.299774,2.337298,-12.416515,-0.294496,-5.377541,8.348836,0.861264,0.331193,0.055241,55.199997,59.940000,-125.219990
4.645000,-32.307430,2.738233,-12.404620,-0.533923,-5.035160,8.753469,0.982215,0.431986,0.073567,55.500000,59.280000,-125.939995
4.662000,-31.135150,3.277274,-12.394831,-0.490826,-5.106988,8.135746,1.187466,0.527891,0.090060,55.800000,57.899998,-126.840000
4.682000,-29.781097,3.849695,-12.367068,-0.593780,-4.910657,8.284191,1.233281,0.347075,0.146259,56.160000,56.520000,-127.860000
4.705000,-28.424778,4.201426,-12.274245,-0.462095,-4.731087,8.257853,1.086673,0.012932,0.132210,56.460000,56.280000,-129.420000
4.721000,-27.326149,4.181915,-12.205590,-0.567443,-4.467717,8.743892,0.813616,-0.087861,0.078453,56.940000,55.260000,-130.440000
4.743000,-26.489906,4.058342,-12.168963,-0.799688,-4.106181,9.043176,0.798956,-0.108630,0.077232,57.539997,54.480000,-130.739990
4.787000,-25.533873,3.974543,-12.133682,-0.562655,-3.682395,9.634562,1.136764,0.173590,0.096169,56.699997,51.899998,-131.459990
4.787000,-24.322300,4.058878,-12.116130,-0.562655,-3.682395,9.634562,1.136764,0.173590,0.096169,56.699997,51.899998,-131.459990
4.805000,-23.044731,4.295710,-12.088717,-0.493221,-3.761406,9.277815,1.087284,0.227957,0.100445,56.699997,51.300000,-133.140000
4.826000,-21.857359,4.514116,-12.060307,-0.560260,-3.589018,9.287392,0.963278,0.088068,0.080897,57.000000,50.219997,-133.980000
4.842000,-20.789780,4.583892,-12.059072,-0.713494,-3.361562,9.026416,0.962057,0.037977,0.046688,57.420000,48.899998,-134.099990
4.862000,-19.689701,4.568448,-12.098768,-0.737437,-3.263396,9.768641,1.068347,-0.028607,0.013702,57.420000,48.120000,-134.459990
4.884000,-18.453009,4.486684,-12.172993,-0.598569,-2.935381,10.094262,1.244276,-0.080530,0.033860,57.300000,46.860000,-135.420000
4.905000,-17.001825,4.370272,-12.237435,-0.646454,-2.688770,9.984126,1.434866,-0.038992,0.039969,57.660000,45.480000,-135.959990
4.922000,-15.350513,4.325597,-12.318377,-0.907430,-2.305687,9.584282,1.538713,0.053249,0.014313,57.780000,43.800000,-135.840000
4.945000,-13.618180,4.317786,-12.436475,-0.790111,-1.965700,9.502876,1.604076,-0.183767,-0.020507,57.840000,41.820000,-137.040000
4.987000,-11.818352,3.973890,-12.611897,-0.550683,-1.910631,9.294575,1.532605,-0.549064,-0.069376,57.420000,39.239998,-138.840000
4.987000,-10.029433,3.414116,-12.837893,-0.550683,-1.910631,9.294575,1.532605,-0.549064,-0.069376,57.420000,39.239998,-138.840000
5.005000,-8.433432,2.673613,-12.988231,-0.519558,-1.295303,9.723150,1.316969,-0.800740,-0.035778,56.579998,37.320000,-138.420000
5.023000,-7.035489,1.739513,-13.069679,-0.225062,-1.149252,9.842864,1.212511,-0.886872,-0.006457,56.039997,35.460000,-138.180000
5.041000,-5.750573,0.772884,-13.102485,-0.059857,-0.936161,10.338479,1.115384,-0.734767,-0.002792,54.840000,33.600000,-138.540000
5.064000,-4.562551,0.055333,-13.108910,0.141262,-0.620117,10.326508,1.042080,-0.433000,0.000263,54.480000,32.340000,-138.599990
5.082000,-3.430193,-0.344615,-13.108710,0.126897,-0.318439,10.051166,1.030474,-0.203925,-0.030281,54.000000,31.859999,-138.599990
5.102000,-2.290189,-0.500817,-13.147562,0.016760,-0.064645,9.636956,1.009093,-0.012724,-0.065711,53.579998,30.720000,-138.540000
5.124000,-1.195716,-0.481270,-13.205374,0.143656,0.033520,9.596253,0.919296,0.036145,-0.044330,53.579998,29.400000,-139.020000
5.144000,-0.199074,-0.424468,-13.250312,0.210696,0.067040,9.845258,0.831942,0.080127,-0.038222,53.039997,27.960000,-139.140000
5.194000,0.722639,-0.315820,-13.285856,0.165205,0.256187,10.206794,0.938233,0.159540,-0.018674,54.420000,26.400000,-138.000000
5.194000,1.693061,-0.138897,-13.317870,0.165205,0.256187,10.206794,0.938233,0.159540,-0.018674,54.420000,26.400000,-138.000000
5.203000,2.773607,0.028324,-13.332179,0.007183,0.701523,10.043983,1.047578,0.137549,-0.011344,53.940000,25.140000,-138.599990
5.224000,3.963988,0.218031,-13.348431,-0.055068,0.969681,10.271439,1.075678,0.310423,-0.016231,53.399998,23.580000,-139.080000
5.242000,5.131226,0.639070,-13.371273,-0.011971,1.003201,10.046377,0.932735,0.529113,0.005150,54.480000,23.039999,-139.140000
5.261000,6.136799,1.243806,-13.375511,-0.198725,1.070241,9.838076,0.866762,0.507122,0.016756,55.620000,22.439999,-138.840000
5.283000,7.104300,1.755884,-13.385573,-0.313650,1.532336,10.221159,0.943731,0.291487,0.005150,55.559998,21.600000,-138.840000
5.306000,8.252151,1.970824,-13.414367,-0.323227,1.800495,10.113417,1.219231,0.031258,0.003317,55.980000,20.460000,-139.020000
5.322000,9.650002,1.978532,-13.459677,-0.241822,2.013585,9.787795,1.285204,-0.029218,-0.002792,56.340000,18.900000,-138.959990
5.344000,11.077533,1.958890,-13.515381,-0.411815,2.327235,9.593859,1.222285,0.037367,-0.028448,55.920000,17.940000,-138.900000
5.383000,12.431594,2.023128,-13.587440,-0.548289,2.724685,9.486116,1.194796,0.093566,-0.022339,55.920000,16.560000,-138.420000
5.391000,13.787353,2.178792,-13.681284,-0.579415,2.777359,9.435837,1.222896,0.157707,-0.079761,56.160000,14.820000,-138.060000
5.401000,15.171598,2.388771,-13.821252,-0.428575,2.609760,9.907509,1.261380,0.154042,-0.045552,56.820000,13.740000,-137.580000
5.424000,16.589310,2.625797,-13.924220,-0.172388,2.669617,9.512454,1.312082,0.290876,-0.023561,56.879997,12.960000,-137.040000
5.440000,18.041624,3.004841,-14.015355,-0.162811,3.153260,8.813326,1.312082,0.280491,-0.040665,56.879997,11.219999,-137.280000
5.462000,19.421932,3.316547,-14.129654,-0.383084,3.325648,8.458973,1.077510,0.189472,-0.012565,57.480000,9.660000,-137.160000
5.483000,20.533525,3.499664,-14.177200,-0.385478,3.514795,8.466156,0.845381,0.047140,0.057684,58.140000,9.179999,-135.959990
5.502000,21.437286,3.491806,-14.132616,-0.359141,3.589018,8.856422,0.765969,-0.024331,0.105331,58.020000,8.280000,-135.780000
5.521000,22.305256,3.409296,-14.038306,-0.466884,3.936188,9.332883,0.849657,-0.018833,0.127934,57.000000,6.900000,-136.080000
5.544000,23.304098,3.350886,-13.928852,-0.713494,4.225895,9.301758,1.026808,0.020262,0.119381,57.300000,6.000000,-135.840000
5.576000,24.500443,3.348740,-13.849614,-0.531529,4.199558,8.796566,1.153257,0.004991,0.097390,57.360000,4.800000,-135.480000
5.581000,25.793118,3.341894,-13.794502,-0.215485,4.321666,8.509253,1.129434,0.078905,0.075399,56.940000,4.020000,-135.300000
5.604000,27.029387,3.441408,-13.766768,-0.371113,4.656865,7.953781,1.028030,0.114947,0.055851,57.420000,3.480000,-134.760000
5.623000,28.138826,3.556236,-13.734319,-0.670397,4.738270,7.905895,0.907079,0.050806,0.093114,58.079998,2.820000,-133.980000
5.641000,29.152617,3.533172,-13.656838,-0.665608,4.982486,8.255460,0.901581,-0.128178,0.134653,57.960000,2.040000,-134.099990
5.663000,30.208298,3.266944,-13.545777,-0.363930,5.217125,8.585870,1.013980,-0.287614,0.134653,57.059998,0.900000,-133.980000
5.681000,31.385368,2.904872,-13.460784,-0.150839,5.427821,8.320105,1.084840,-0.242410,0.085784,56.219997,0.360000,-133.680000
5.702000,32.607574,2.622247,-13.422525,-0.167599,5.463735,7.362395,1.026197,-0.213088,0.068680,56.160000,-0.780000,-132.660000
5.725000,33.722622,2.336822,-13.383286,-0.220273,5.624152,7.089448,0.838662,-0.309605,0.083951,56.460000,-1.680000,-132.000000
5.745000,34.585980,1.909912,-13.322704,-0.165205,5.870762,7.494080,0.553999,-0.316935,0.102888,56.699997,-1.680000,-132.360000
5.790000,35.186474,1.538304,-13.220812,-0.021548,6.055121,8.411087,0.493523,-0.021887,0.090060,56.039997,-2.160000,-131.400000
5.791000,35.796715,1.557823,-13.128740,-0.021548,6.055121,8.411087,0.669452,0.189472,0.030195,56.280000,-3.120000,-130.140000
5.804000,36.602722,1.763930,-13.099590,-0.119714,6.249057,7.623371,0.773299,0.148544,-0.018063,56.219997,-3.540000,-130.379990
5.828000,37.473087,1.929191,-13.133696,-0.229850,6.318491,7.611400,0.703050,0.025149,-0.027226,55.980000,-4.080000,-130.500000
5.843000,38.234257,1.982510,-13.176064,-0.210696,6.256240,7.206767,0.538727,-0.029218,0.012480,56.219997,-4.740000,-129.840000
5.861000,38.821630,1.892664,-13.159400,-0.198725,6.390319,7.149304,0.458704,-0.144060,0.038136,55.739998,-5.160000,-129.599990
5.882000,39.329900,1.686123,-13.144744,-0.040703,6.545948,7.403098,0.373182,-0.182545,0.038136,55.680000,-5.520000,-129.480000
5.906000,39.758858,1.432973,-13.129300,0.146051,6.555524,7.628159,0.398228,-0.261957,0.016145,55.800000,-6.060000,-128.400000
5.923000,40.248043,1.097763,-13.168281,-0.011971,6.711152,7.587457,0.508184,-0.374357,-0.013787,55.739998,-6.060000,-128.280000
5.941000,40.850616,0.674287,-13.255570,-0.052674,6.691998,7.115785,0.561329,-0.381076,-0.029059,55.800000,-6.060000,-128.459990
5.992000,41.471947,0.317178,-13.354866,-0.016760,6.893117,7.118179,0.356078,-0.046933,0.010647,55.140000,-7.320000,-128.340000
5.992000,41.946700,0.167553,-13.399992,-0.016760,6.893117,7.118179,0.356078,-0.046933,0.010647,55.140000,-7.320000,-128.340000
6.001000,42.347813,0.085968,-13.392374,0.217879,6.859597,7.295355,0.358522,-0.139784,0.020421,55.079998,-7.980000,-127.500000
6.035000,42.770393,-0.136767,-13.387376,0.213090,6.878752,7.599428,0.422663,-0.203925,0.042412,54.899998,-8.340000,-126.840000
6.042000,43.253456,-0.366732,-13.347233,0.174782,6.993677,7.671257,0.459314,0.052027,0.041191,54.539997,-8.400000,-126.540000
6.061000,43.787610,-0.249859,-13.271767,0.232245,7.010436,7.161276,0.500853,0.413049,-0.007679,54.960000,-8.760000,-125.880000
6.084000,44.344967,0.297660,-13.204083,0.086194,7.017620,6.342434,0.466034,0.537665,-0.047385,55.199997,-9.059999,-125.520000
6.101000,44.852528,0.912211,-13.165138,-0.117319,7.072688,6.380743,0.409834,0.339134,-0.033946,54.660000,-9.540000,-126.060000
6.124000,45.325237,1.248630,-13.149719,-0.277736,7.178036,6.500456,0.426939,0.098453,-0.007068,55.020000,-10.320000,-126.719990
6.145000,45.817654,1.358891,-13.138101,-0.129291,7.324087,6.962551,0.445875,0.128386,0.006371,56.219997,-10.920000,-125.939995
6.195000,46.359844,1.553297,-13.108273,-0.021548,7.261836,6.569890,0.555831,0.319586,-0.068765,55.980000,-11.160000,-125.219990
6.195000,47.003150,1.976033,-13.125958,-0.021548,7.261836,6.569890,0.555831,0.319586,-0.068765,55.980000,-11.160000,-125.219990
6.208000,47.618652,2.408053,-13.157208,-0.399844,7.470138,6.203566,0.487414,0.192526,-0.040665,56.100000,-11.460000,-124.979996
6.223000,48.159798,2.650528,-13.168994,-0.342381,7.520417,6.210749,0.426939,0.082571,0.007593,56.579998,-11.400000,-125.219990
6.241000,48.630062,2.727377,-13.138575,0.011971,7.640131,6.447782,0.359743,0.050806,0.026530,56.760000,-11.820000,-124.200000
6.263000,49.043858,2.797654,-13.094975,0.059857,7.683228,6.747066,0.387843,0.197413,-0.012565,56.760000,-12.420000,-123.840000
6.281000,49.510395,3.127132,-13.078162,-0.268159,7.750267,6.165258,0.472753,0.339745,-0.073041,56.520000,-12.660000,-124.020000
6.304000,50.048496,3.645447,-13.107038,-0.493221,7.752662,5.604997,0.453817,0.322641,-0.090756,56.879997,-12.719999,-123.240000
6.325000,50.535004,4.119927,-13.160386,-0.500403,7.711959,5.631334,0.316983,0.092955,-0.032724,57.239998,-12.960000,-123.360000
6.344000,50.881424,4.230979,-13.183763,-0.258582,7.755056,6.002447,0.283996,-0.004783,-0.002792,57.360000,-13.259999,-123.180000
6.390000,51.228268,4.253447,-13.210852,-0.268159,7.872376,5.856396,0.338974,-0.040213,-0.039444,57.600000,-13.259999,-122.640000
6.391000,51.623240,4.257786,-13.307192,-0.368718,7.843644,5.470918,0.337141,-0.186210,-0.049828,57.899998,-13.320000,-122.460000
6.401000,51.990880,3.200828,-13.450072,-0.418998,7.944204,5.473312,0.236349,-0.302274,-0.027837,57.840000,-13.500000,-122.219990
6.430000,52.247234,2.928450,-13.584445,-0.179571,7.826884,5.516409,0.143497,-0.358474,-0.021118,57.000000,-13.860000,-122.399994
6.449000,52.410680,2.637052,-13.725240,-0.249005,7.846038,5.880339,0.088519,-0.278451,-0.026615,56.760000,-14.700000,-122.340000
6.461000,52.517876,2.451947,-13.839399,-0.246610,7.829279,6.234692,0.138610,-0.094580,-0.033946,57.000000,-15.240000,-121.979996
6.481000,52.706940,2.435679,-13.922071,-0.227456,7.989695,6.007236,0.227797,-0.003561,-0.058991,56.940000,-14.639999,-121.680000
6.503000,52.974075,2.473370,-14.022716,-0.239427,7.994484,5.746260,0.233294,-0.067702,-0.051050,56.699997,-14.460000,-121.380000
6.523000,53.227047,2.457419,-14.117312,-0.316044,8.066312,5.566689,0.201529,-0.035326,-0.035778,56.460000,-14.820000,-121.439995
6.542000,53.449074,2.466145,-14.179215,-0.323227,8.075889,5.408667,0.158769,0.022095,-0.019285,56.579998,-14.639999,-121.560000
6.593000,53.619427,2.503903,-14.192363,-0.344776,7.944204,5.446975,0.097682,-0.015779,0.019810,57.420000,-14.580000,-121.140000
6.593000,53.747997,2.499010,-14.174350,-0.344776,7.944204,5.446975,0.097682,-0.015779,0.019810,57.420000,-14.580000,-121.140000
6.608000,53.872414,2.469132,-14.153573,-0.316044,8.154900,5.813299,0.123339,0.027593,0.010037,56.579998,-14.940000,-121.140000
6.644000,54.041310,2.467081,-14.134487,-0.251399,8.233911,5.650488,0.143497,0.036756,-0.013787,57.180000,-15.000000,-120.360000
6.644000,54.238610,2.464351,-14.121859,-0.251399,8.233911,5.650488,0.143497,0.036756,-0.013787,57.180000,-15.000000,-120.360000
6.666000,54.433110,2.510002,-14.123127,-0.375901,8.183631,5.516409,0.161823,0.068521,-0.036389,56.460000,-15.000000,-120.540000
6.682000,54.661716,2.566300,-14.160670,-0.371113,8.116591,5.276982,0.187479,-0.028607,-0.040054,57.059998,-15.000000,-120.360000
6.705000,54.904220,2.551388,-14.222878,-0.354353,8.164477,5.456552,0.141054,-0.057317,-0.018674,57.480000,-15.179999,-119.880000
6.722000,55.089912,2.516617,-14.258485,-0.272947,8.121380,5.633729,0.115397,0.004991,-0.004624,57.239998,-15.240000,-119.640000
6.756000,55.242413,2.527781,-14.250028,-0.316044,8.243488,5.461341,0.130669,0.099675,-0.014398,57.180000,-15.360000,-120.060000
6.797000,55.405850,2.604221,-14.221627,-0.313650,8.133351,5.267405,0.060419,-0.001118,0.036915,57.180000,-16.320000,-119.939995
6.797000,55.540947,2.632730,-14.157861,-0.313650,8.133351,5.267405,0.060419,-0.001118,0.036915,57.180000,-16.320000,-119.939995
6.810000,55.644215,2.546796,-14.098402,-0.229850,8.118986,5.183605,0.061030,-0.070757,0.043634,57.059998,-15.960000,-119.460000
6.821000,55.757454,2.428861,-14.054288,-0.184359,8.121380,5.288953,0.055533,-0.073200,0.029584,57.059998,-15.599999,-119.759995
6.852000,55.867027,2.311186,-14.028386,-0.246610,8.205180,5.351204,0.052478,-0.130621,0.013702,56.879997,-15.660000,-119.880000
6.868000,55.964400,2.170706,-14.043387,-0.251399,8.360807,5.650488,0.059809,-0.107408,0.010037,56.699997,-15.480000,-120.000000
6.881000,56.056540,2.089483,-14.058670,-0.275342,8.339259,5.413456,0.073858,0.010489,-0.008289,56.820000,-16.320000,-119.880000
6.901000,56.154324,2.118704,-14.056041,-0.237033,8.279403,5.320079,0.056754,0.100286,-0.021728,56.879997,-16.619999,-119.700000
6.929000,56.227303,2.189715,-14.038452,-0.124502,8.123775,5.391907,0.021935,0.022095,0.000874,56.520000,-16.380000,-119.880000
6.943000,56.272670,2.161418,-14.015057,-0.282524,8.171659,5.291347,0.017659,-0.040824,0.007593,56.039997,-16.380000,-119.280000
6.988000,56.303207,2.104413,-13.997488,-0.215485,8.257853,5.269799,-0.039152,-0.021276,0.020421,56.640000,-15.780000,-119.939995
6.988000,56.305843,2.060119,-13.957274,-0.215485,8.257853,5.269799,-0.039152,-0.021276,0.020421,56.640000,-15.780000,-119.939995
7.001000,56.294136,2.022330,-13.921594,-0.222668,8.312923,5.253039,-0.033043,0.044086,0.004539,56.760000,-15.540000,-120.540000
7.022000,56.298534,2.048074,-13.896873,-0.205908,8.322499,5.233885,-0.028767,0.056914,-0.018674,57.360000,-15.120000,-120.060000
7.046000,56.307490,2.098903,-13.889253,-0.299284,8.300951,5.619363,-0.024491,0.034923,-0.021728,57.360000,-15.059999,-119.640000
7.061000,56.334274,2.124333,-13.907068,-0.277736,8.243488,5.446975,0.060419,0.010489,-0.021728,56.340000,-15.540000,-119.159996
7.081000,56.423523,2.145325,-13.927233,-0.316044,8.291373,5.229096,0.070193,0.009267,-0.019896,56.699997,-16.020000,-118.740000
7.104000,56.513520,2.154149,-13.948182,-0.301679,8.262642,5.197970,0.024989,-0.018833,-0.000348,56.940000,-16.260000,-119.520000
7.122000,56.553978,2.123997,-13.945888,-0.220273,8.320105,5.435004,-0.006165,-0.036548,0.014923,56.399998,-16.380000,-119.820000
7.144000,56.572950,2.070063,-13.933448,-0.308861,8.265037,5.408667,0.019491,-0.055485,0.005150,57.300000,-16.619999,-119.640000
7.188000,56.610500,2.017328,-13.941252,-0.225062,8.269825,5.442187,0.046370,-0.030439,0.004539,56.699997,-15.960000,-118.320000
7.188000,56.653620,1.969227,-13.926825,-0.225062,8.269825,5.442187,0.046370,-0.030439,0.004539,56.699997,-15.960000,-118.320000
7.201000,56.719770,1.931947,-13.927907,-0.304073,8.298556,5.344021,0.034763,-0.020055,0.021032,56.879997,-15.660000,-118.799995
7.226000,56.772964,1.903973,-13.906475,-0.270553,8.219545,5.178816,0.043315,0.007434,0.010037,56.820000,-15.960000,-119.939995
7.241000,56.836346,1.901196,-13.894125,-0.150839,8.274613,5.255433,0.044537,0.013543,-0.007679,56.460000,-16.560000,-119.579994
7.261000,56.908550,1.914907,-13.907541,-0.198725,8.224334,5.174028,0.065917,-0.015168,-0.027837,56.100000,-16.800000,-119.399994
7.283000,56.997868,1.918006,-13.951129,-0.272947,8.384750,5.293742,0.048813,-0.046322,-0.018063,55.920000,-16.680000,-119.280000
7.300000,57.065994,1.879600,-13.988073,-0.282524,8.384750,5.291347,0.037207,-0.073200,-0.004624,56.640000,-16.619999,-118.979996
7.321000,57.115604,1.831097,-14.017109,-0.169993,8.322499,5.351204,0.007885,-0.050598,0.000263,57.000000,-16.199999,-119.219990
7.345000,57.131588,1.796275,-14.034266,-0.256187,8.243488,5.260222,-0.001889,0.001936,-0.010122,56.160000,-15.660000,-119.340000
7.396000,57.133575,1.817632,-14.040775,-0.313650,8.260248,5.176422,-0.011052,-0.003561,-0.008289,56.640000,-15.719999,-120.180000
7.396000,57.136555,1.848237,-14.051003,-0.313650,8.260248,5.176422,-0.011052,-0.003561,-0.008289,56.640000,-15.719999,-120.180000
7.405000,57.138588,1.852735,-14.060894,-0.337593,8.332076,5.281770,0.004220,-0.025552,-0.001570,56.699997,-15.660000,-119.700000
7.422000,57.159820,1.836648,-14.078704,-0.287313,8.375174,5.197970,0.006663,-0.027996,0.003317,57.180000,-15.780000,-119.880000
7.441000,57.177795,1.820295,-14.085807,-0.251399,8.334471,5.269799,-0.013495,0.000104,-0.000348,56.760000,-16.199999,-119.700000
7.463000,57.176170,1.825328,-14.086660,-0.189148,8.344048,5.430215,-0.002500,-0.002950,-0.005235,56.340000,-16.260000,-119.460000
7.481000,57.199980,1.834053,-14.101109,-0.325621,8.312923,5.190788,0.036596,-0.004172,-0.015620,56.219997,-16.380000,-119.399994
7.501000,57.248363,1.832292,-14.117705,-0.239427,8.356019,5.298530,0.023768,-0.043268,0.013091,56.699997,-16.680000,-118.979996
7.525000,57.291300,1.789592,-14.118810,-0.196331,8.334471,5.411061,0.045148,-0.041435,0.009426,57.239998,-16.440000,-119.219990
7.544000,57.359470,1.756493,-14.127408,-0.210696,8.327288,5.147691,0.073248,-0.011503,-0.005846,56.520000,-16.380000,-119.460000
7.600000,57.442590,1.752679,-14.138043,-0.198725,8.286585,5.135719,0.016437,-0.042657,0.009426,55.980000,-16.859999,-119.460000
7.600000,57.477074,1.725552,-14.127216,-0.198725,8.286585,5.135719,0.016437,-0.042657,0.009426,55.980000,-16.859999,-119.460000
7.602000,57.510788,1.681416,-14.132262,-0.205908,8.370385,5.293742,0.035985,-0.027385,-0.008289,56.280000,-16.740000,-119.040000
7.623000,57.553290,1.668587,-14.146681,-0.272947,8.370385,5.281770,0.041483,0.000715,-0.024172,56.219997,-16.199999,-118.920000
7.642000,57.605800,1.690309,-14.175440,-0.217879,8.353624,5.305713,0.051867,0.020873,-0.023561,56.460000,-16.080000,-118.619995
7.661000,57.666740,1.732716,-14.201059,-0.215485,8.267431,5.059102,0.045148,0.037977,-0.027226,56.699997,-16.619999,-118.619995
7.681000,57.710980,1.781114,-14.217260,-0.193936,8.317711,5.130931,0.016437,0.043475,-0.026005,56.520000,-17.279999,-119.040000
7.705000,57.730780,1.826233,-14.233467,-0.335198,8.329682,5.145297,-0.001278,0.035534,-0.022950,56.399998,-16.859999,-118.979996
7.722000,57.731808,1.870199,-14.244853,-0.301679,8.334471,5.300924,-0.007387,0.042254,-0.017452,56.460000,-16.560000,-118.680000
7.747000,57.735480,1.921466,-14.250125,-0.277736,8.269825,5.147691,0.019491,0.046530,-0.018063,56.760000,-16.680000,-118.860000
7.779000,57.760730,1.962964,-14.255459,-0.294496,8.327288,5.087834,-0.004943,-0.001729,0.002095,57.120000,-16.320000,-118.860000
7.783000,57.759390,1.944747,-14.249139,-0.311256,8.339259,5.164451,-0.016550,-0.045711,0.014923,57.059998,-16.680000,-118.799995
7.801000,57.748890,1.899325,-14.244055,-0.196331,8.341654,5.138114,-0.037319,-0.032272,0.015534,56.940000,-16.800000,-119.280000
7.823000,57.716713,1.857595,-14.235504,-0.213090,8.308133,5.133325,-0.046482,-0.030439,0.002706,57.600000,-16.560000,-119.640000
7.841000,57.675667,1.840754,-14.238100,-0.203513,8.308133,5.121354,-0.058699,0.017819,-0.010733,56.640000,-16.920000,-119.640000
7.861000,57.620262,1.865811,-14.244688,-0.289707,8.344048,5.152479,-0.084356,0.019041,-0.020507,56.160000,-16.619999,-119.579994
7.883000,57.537903,1.895104,-14.262847,-0.330410,8.300951,5.298530,-0.101460,0.006823,-0.011344,56.820000,-16.440000,-119.460000
7.901000,57.438293,1.917460,-14.272797,-0.196331,8.245882,5.217125,-0.111234,0.034312,-0.008289,56.879997,-17.039999,-119.460000
7.921000,57.320015,1.948061,-14.261473,-0.198725,8.188420,5.102200,-0.150940,0.023928,0.000263,57.180000,-16.920000,-119.100000
7.945000,57.153362,1.962592,-14.236010,-0.246610,8.291373,5.171634,-0.237072,0.033091,-0.002181,56.579998,-16.020000,-118.979996
7.979000,56.903687,1.973057,-14.214544,-0.265765,8.382356,5.367964,-0.288385,-0.006005,0.000874,56.160000,-16.140000,-119.640000
7.982000,56.608334,1.962319,-14.204398,-0.356747,8.310528,5.569083,-0.314041,-0.001118,-0.002181,56.100000,-16.320000,-120.600000
8.003000,56.281353,1.991257,-14.186404,-0.124502,8.099832,5.344021,-0.312819,0.134494,-0.018063,56.280000,-15.960000,-120.600000
8.021000,55.958390,2.138863,-14.147081,-0.244216,8.039975,5.106988,-0.362299,0.241396,-0.064489,56.879997,-15.480000,-120.360000
8.045000,55.517660,2.419982,-14.139684,-0.284919,8.159689,5.466129,-0.481418,0.213907,-0.059602,57.239998,-14.639999,-120.899994
8.063000,54.974747,2.648624,-14.128627,-0.447729,8.140534,5.813299,-0.488748,0.166870,-0.049217,57.300000,-14.160000,-120.600000
8.083000,54.434190,2.836447,-14.122759,-0.452518,8.013638,5.978504,-0.487527,0.111281,-0.016231,57.360000,-14.340000,-121.200000
8.100000,53.888294,2.975369,-14.073237,-0.620117,7.927444,5.839636,-0.498522,0.195581,0.000874,57.480000,-15.120000,-122.040000
8.125000,53.318170,3.165977,-13.971933,-0.320833,7.865193,5.944984,-0.543726,0.237730,0.000874,57.539997,-14.940000,-122.040000
8.143000,52.706516,3.407542,-13.882074,-0.495615,7.824490,5.911465,-0.560220,0.250559,-0.041887,58.199997,-13.920000,-122.340000
8.181000,52.081020,3.686910,-13.849708,-0.641666,7.714354,5.875550,-0.562052,0.134494,-0.047385,58.079998,-13.080000,-123.119995
8.189000,51.451897,4.839980,-13.853896,-0.560260,7.518023,5.758231,-0.599926,-0.033494,-0.027837,57.480000,-12.540000,-123.659996
8.201000,50.771175,4.729583,-13.878528,-0.684763,7.448589,5.906676,-0.675673,-0.126956,-0.007679,58.559998,-12.780000,-123.899994
8.221000,50.004580,4.512653,-13.882803,-0.445335,7.405492,6.428628,-0.755086,-0.103132,0.029584,58.859997,-12.480000,-124.079994
8.243000,49.173565,4.336750,-13.835341,-0.316044,7.316904,6.454965,-0.717823,-0.020055,-0.017452,57.719997,-11.820000,-124.200000
8.261000,48.382633,4.259646,-13.851795,-0.402238,7.223527,6.186806,-0.722710,-0.102522,-0.046774,57.600000,-11.099999,-125.040000
8.281000,47.559780,4.107338,-13.917086,-0.533923,7.012831,6.335251,-0.822892,-0.211866,-0.042498,57.899998,-10.679999,-126.180000
8.303000,46.625816,3.839218,-13.986410,-0.457306,6.933820,6.656084,-0.907802,-0.195373,-0.038222,57.719997,-9.540000,-126.719990
8.321000,45.606564,3.615176,-14.041742,-0.438152,6.744672,7.046351,-0.962780,-0.132454,-0.032724,57.480000,-9.059999,-127.079994
8.342000,44.526882,3.471479,-14.064796,-0.320833,6.610593,7.297750,-0.963391,0.010489,-0.033946,57.780000,-8.760000,-127.140000
8.370000,43.455902,3.520713,-14.079026,-0.387873,6.584256,7.609006,-0.906580,0.167481,-0.080982,58.020000,-7.740000,-127.920000
8.381000,42.436280,3.781170,-14.126751,-0.615329,6.723124,7.798153,-0.910245,0.353795,-0.099308,58.199997,-7.020000,-128.520000
8.402000,41.385950,4.248379,-14.126812,-0.893065,6.371165,7.592246,-0.954228,0.444814,-0.035168,59.039997,-6.720000,-128.819990
8.423000,40.302258,4.657973,-14.031176,-0.703917,5.856396,7.043956,-0.990269,0.248726,0.024086,59.520000,-6.660000,-129.660000
8.444000,39.166348,4.756911,-13.881096,-0.572232,5.717528,6.917060,-1.122827,0.012321,0.086395,58.980000,-6.120000,-130.379990
8.461000,37.878284,4.523665,-13.681758,-0.462095,5.521198,7.283384,-1.291425,-0.238134,0.123657,58.440000,-4.560000,-131.280000
8.483000,36.420260,3.997463,-13.467974,-0.588992,5.559506,7.937021,-1.387331,-0.448271,0.127323,58.500000,-2.700000,-131.700000
8.501000,34.885918,3.263452,-13.274627,-0.536318,5.557112,8.403905,-1.386110,-0.602820,0.136486,58.079998,-1.380000,-132.120000
8.523000,33.376812,2.436403,-13.112775,-0.339987,5.197970,8.341654,-1.310973,-0.577775,0.113273,57.840000,-0.180000,-133.200000
8.544000,31.939365,1.704212,-12.984630,-0.167599,4.850801,8.367990,-1.274321,-0.530127,0.091892,57.300000,0.540000,-132.959990
8.579000,30.537160,1.061150,-12.902446,0.047885,4.625739,8.344048,-1.264547,-0.485534,0.044245,56.460000,1.800000,-133.200000
8.590000,29.117596,0.497161,-12.879036,0.090982,4.422225,8.755863,-1.342127,-0.476371,0.032639,55.800000,3.420000,-134.280000
8.603000,27.596352,-0.037073,-12.866461,0.146051,4.199558,9.304152,-1.405046,-0.369470,0.022254,54.899998,4.500000,-134.040000
8.622000,26.025200,-0.409208,-12.867102,-0.011971,3.979285,9.287392,-1.358621,-0.195373,0.009426,54.420000,5.340000,-134.280000
8.643000,24.516912,-0.578071,-12.880993,0.150839,3.727886,9.443020,-1.293258,-0.064037,-0.005235,54.840000,6.480000,-134.640000
8.663000,23.082590,-0.576468,-12.917741,0.153234,3.536344,9.596253,-1.189411,0.155264,-0.049828,54.899998,7.560000,-134.520000
8.681000,21.788769,-0.275530,-13.008899,0.040703,3.567469,9.957788,-1.043414,0.395944,-0.114580,54.660000,8.280000,-135.599990
8.703000,20.654697,0.292283,-13.148770,-0.217879,3.435784,9.783007,-0.890087,0.647010,-0.150010,55.440000,9.179999,-137.040000
8.723000,19.683400,1.161949,-13.304281,-0.375901,3.131712,9.107821,-0.813729,0.857759,-0.150010,56.280000,10.860000,-136.920000
8.743000,18.751629,2.195999,-13.439306,-0.466884,2.806090,8.990502,-0.898028,0.858980,-0.134739,56.760000,11.759999,-136.440000
8.781000,17.705318,3.160653,-13.524140,-0.368718,2.513988,9.148524,-1.037305,0.697712,-0.088924,57.000000,11.400000,-137.580000
8.787000,16.508581,3.856422,-13.535861,-0.675185,2.458920,9.703996,-1.099003,0.421601,-0.073041,58.079998,12.660000,-138.420000
8.801000,15.281848,4.257530,-13.528883,-1.022355,2.466103,9.629773,-1.022034,0.257278,-0.063878,58.559998,14.759999,-138.540000
8.824000,14.161730,4.512014,-13.508694,-0.976864,2.264984,9.397529,-0.904748,0.167481,-0.030281,58.620000,15.780000,-138.599990
8.844000,13.182307,4.668889,-13.457391,-0.849968,1.814860,9.131764,-0.800290,0.053249,-0.004013,59.340000,16.619999,-138.840000
8.862000,12.316277,4.678295,-13.393281,-0.826025,1.632896,9.239507,-0.718434,-0.038992,-0.012565,59.820000,17.220000,-139.920000
8.881000,11.511966,4.603640,-13.348010,-0.821236,1.582616,9.720756,-0.725764,-0.105576,-0.028448,59.699997,17.400000,-139.319990
8.904000,10.661808,4.473744,-13.322382,-0.814053,1.731061,10.221159,-0.827168,-0.119626,-0.043109,59.340000,18.720000,-138.900000
8.922000,9.711033,4.321968,-13.303402,-0.902642,1.477267,10.091868,-0.826557,-0.182545,-0.058380,59.399998,19.980000,-140.220000
8.943000,8.801265,4.095067,-13.304891,-0.806871,1.182772,9.771035,-0.753864,-0.231414,-0.050439,59.340000,20.039999,-140.220000
8.976000,7.950163,3.853526,-13.302422,-0.711100,1.005595,9.955395,-0.753864,-0.166051,-0.042498,58.859997,20.640000,-139.500000
8.981000,7.090332,3.708793,-13.290871,-0.639271,1.041510,10.477346,-0.750199,-0.087861,-0.029670,58.559998,22.140000,-139.260000
9.002000,6.267167,3.603519,-13.274440,-0.706311,0.907430,10.901134,-0.621917,-0.093359,-0.035168,58.559998,23.039999,-138.900000
9.024000,5.610814,3.521722,-13.271066,-0.735042,0.749408,10.393547,-0.453929,-0.000507,-0.015620,58.559998,23.100000,-139.080000
9.042000,5.137300,3.535291,-13.252695,-0.684763,0.694340,10.192428,-0.309765,0.015375,0.009426,58.739998,23.340000,-140.040000
9.063000,4.825234,3.548473,-13.216406,-0.634483,0.646454,9.754275,-0.194311,-0.013946,0.020421,58.920000,23.820000,-140.400000
9.083000,4.619005,3.495499,-13.183484,-0.718282,0.732648,9.838076,-0.153994,-0.168495,0.011869,58.260000,24.180000,-140.099990
9.101000,4.456422,3.262421,-13.161584,-0.711100,0.723071,10.187639,-0.098406,-0.267455,0.015534,57.840000,24.840000,-139.379990
9.121000,4.389816,2.972730,-13.137293,-0.641666,0.634483,10.173274,0.022546,-0.220418,0.023476,57.840000,25.080000,-139.200000
9.146000,4.432699,2.759068,-13.107565,-0.433364,0.521952,10.043983,0.073248,-0.098245,0.041191,57.239998,24.539999,-139.920000
9.190000,4.526410,2.671078,-13.060686,-0.447729,0.538712,9.840469,0.152660,-0.122069,0.054630,57.300000,24.180000,-140.040000
9.190000,4.671708,2.573657,-12.999289,-0.447729,0.538712,9.840469,0.152660,-0.122069,0.054630,57.300000,24.180000,-140.040000
9.213000,4.835743,2.431981,-12.944057,-0.416604,0.689551,9.847652,0.120284,-0.145282,0.048521,57.539997,24.060000,-140.099990
9.221000,4.948663,2.252258,-12.899337,-0.452518,0.804476,9.921875,0.057365,-0.195984,0.035082,57.420000,24.779999,-139.680000
9.241000,4.989699,2.017172,-12.864140,-0.349564,0.689551,10.051166,0.004831,-0.215532,0.030806,57.059998,25.080000,-139.260000
9.264000,4.982922,1.786687,-12.836059,-0.256187,0.756591,10.032011,0.017048,-0.136730,-0.005846,56.699997,24.660000,-139.440000
9.281000,4.976122,1.679871,-12.852128,-0.339987,0.770957,9.914692,0.060419,-0.045100,-0.023561,56.579998,24.240000,-138.840000
9.303000,5.028206,1.654321,-12.883949,-0.289707,0.747014,9.713572,0.106234,-0.026774,-0.026615,56.340000,23.880000,-138.540000
9.322000,5.115393,1.637025,-12.917383,-0.246610,0.749408,9.613013,0.082411,-0.059761,-0.024783,56.039997,24.000000,-138.959990
9.347000,5.162382,1.556697,-12.949184,-0.232245,0.737437,9.768641,0.035374,-0.137952,-0.020507,56.399998,24.779999,-139.620000
9.383000,5.163724,1.391011,-12.972838,-0.174782,0.816448,9.931452,0.059198,-0.182545,-0.040665,56.039997,24.240000,-140.040000
9.383000,5.173059,1.166471,-13.002346,-0.174782,0.816448,9.931452,0.059198,-0.182545,-0.040665,56.039997,24.240000,-140.040000
9.401000,5.216909,0.987088,-13.056463,-0.213090,0.749408,9.665688,0.062863,-0.145893,-0.051661,55.920000,24.240000,-139.920000
9.422000,5.247163,0.842294,-13.115518,-0.138868,0.744619,9.751882,-0.004943,-0.159332,-0.045552,55.620000,24.119999,-139.319990
9.442000,5.189084,0.681770,-13.167595,-0.143656,0.725465,9.692024,-0.093519,-0.144060,-0.045552,55.500000,24.480000,-139.080000
9.461000,5.038631,0.537556,-13.218788,-0.023943,0.677580,9.857229,-0.136279,-0.164219,-0.037611,55.379997,24.900000,-138.660000
9.480000,4.865055,0.359829,-13.262533,-0.064645,0.672791,9.845258,-0.134447,-0.169106,-0.030891,55.140000,24.359999,-138.599990
9.503000,4.679097,0.195113,-13.292991,-0.035914,0.648849,9.921875,-0.163768,-0.136730,-0.015620,54.600000,23.880000,-138.720000
9.522000,4.479680,0.061987,-13.308697,-0.045491,0.660820,9.871595,-0.146053,-0.113517,-0.008289,54.480000,24.840000,-138.480000
9.543000,4.306833,-0.046397,-13.317624,-0.045491,0.612934,10.113417,-0.119786,-0.064648,-0.006457,54.600000,25.199999,-138.599990
9.577000,4.186542,-0.071669,-13.329398,-0.043097,0.720677,10.036800,-0.051369,0.034923,-0.012565,54.180000,24.600000,-139.080000
9.601000,4.125969,0.003640,-13.344231,-0.059857,0.658426,10.015251,-0.026934,0.104562,-0.016842,54.300000,24.539999,-138.780000
9.618000,4.098300,0.143010,-13.364336,-0.069434,0.679974,9.912297,-0.000056,0.135105,-0.017452,54.780000,24.660000,-138.300000
9.638000,4.094913,0.292502,-13.384559,-0.095771,0.677580,9.945818,0.002998,0.082571,-0.015620,54.960000,25.680000,-138.480000
9.649000,4.099998,0.374329,-13.399205,-0.040703,0.689551,9.914692,0.026822,0.045919,-0.010733,54.840000,26.160000,-139.020000
9.670000,4.132001,0.424361,-13.411071,-0.035914,0.600963,9.797373,0.042704,-0.006005,-0.006457,55.079998,25.380000,-139.080000
9.690000,4.169228,0.393538,-13.417628,-0.019154,0.708705,9.943423,0.040261,-0.052431,-0.007679,54.840000,25.320000,-138.780000
9.709000,4.204506,0.327272,-13.427224,-0.040703,0.627300,10.022434,0.034763,-0.089082,-0.004624,55.020000,24.960000,-138.900000
9.721000,4.235049,0.231627,-13.431744,-0.086194,0.644060,9.945818,0.039039,-0.069535,0.003317,55.559998,23.939999,-138.780000
9.750000,4.266069,0.158153,-13.422506,0.004789,0.737437,9.926663,0.043315,-0.045100,0.021032,55.379997,24.660000,-138.300000
9.778000,4.302530,0.119419,-13.399096,-0.028731,0.665608,9.902720,0.043926,-0.017000,0.013702,54.840000,25.199999,-138.420000
9.791000,4.341888,0.106413,-13.387848,-0.050280,0.687157,9.802161,0.049424,-0.003561,0.003317,54.780000,24.900000,-138.000000
9.804000,4.380332,0.105369,-13.384438,0.026337,0.617723,9.732727,0.047591,0.009878,0.004539,54.780000,25.199999,-137.520000
9.823000,4.410648,0.123307,-13.377093,0.009577,0.600963,9.818921,0.023157,0.045308,0.013091,54.300000,24.240000,-138.780000
9.840000,4.405270,0.172695,-13.359799,-0.105348,0.723071,9.756670,-0.013495,0.044086,0.024697,54.660000,23.519999,-139.560000
9.870000,4.357638,0.206112,-13.331912,0.050280,0.715888,9.672871,-0.056867,-0.027996,0.025308,54.899998,24.720000,-138.599990
9.889000,4.281134,0.147840,-13.309635,0.011971,0.751802,9.818921,-0.048925,-0.087861,-0.002792,54.539997,25.199999,-138.480000
9.904000,4.229613,0.058399,-13.320144,0.038308,0.723071,10.012857,-0.012884,-0.031661,-0.023561,54.600000,24.660000,-138.420000
9.923000,4.227487,0.049939,-13.350989,-0.074223,0.668003,9.727939,0.039039,0.055693,-0.033335,54.899998,24.359999,-138.360000
9.942000,4.263629,0.129653,-13.381253,0.095771,0.644060,9.589070,0.012772,0.075851,-0.009511,54.480000,24.720000,-139.260000
9.964000,4.257820,0.197082,-13.387199,0.014366,0.653637,9.656111,-0.044038,0.016597,0.002095,54.660000,24.420000,-139.260000
9.990000,4.179410,0.200037,-13.381984,-0.033520,0.672791,9.938635,-0.099627,-0.001729,0.011258,55.440000,24.480000,-138.599990
10.008000,4.055650,0.193762,-13.367284,-0.004789,0.634483,10.142148,-0.091686,-0.012724,0.024697,55.320000,24.600000,-138.780000
10.021000,3.952163,0.184753,-13.340866,-0.102954,0.615329,9.957788,-0.072749,0.028204,0.014923,54.899998,24.119999,-138.720000
10.043000,3.864765,0.228032,-13.325567,-0.074223,0.521952,9.816526,-0.072138,0.070353,0.009426,54.899998,24.359999,-138.420000
10.066000,3.778865,0.309161,-13.317935,-0.079011,0.622511,9.897932,-0.051980,0.036145,-0.000959,54.960000,24.539999,-138.900000
10.082000,3.725993,0.327045,-13.323027,-0.110137,0.608146,9.900327,-0.010441,-0.040824,-0.010122,55.440000,24.600000,-139.080000
10.102000,3.720778,0.273942,-13.334411,-0.069434,0.526740,9.926663,0.031709,-0.059150,-0.004624,55.320000,24.779999,-138.840000
10.121000,3.748631,0.221373,-13.339210,-0.079011,0.593780,9.857229,0.031098,-0.018833,0.003317,54.899998,24.660000,-138.540000
10.142000,3.772141,0.209756,-13.334107,-0.007183,0.646454,9.811738,0.012772,-0.021887,0.013702,55.500000,25.140000,-138.540000
10.173000,3.777410,0.177260,-13.320721,-0.035914,0.672791,9.881172,0.006052,-0.051820,0.006371,55.379997,25.439999,-138.000000
10.181000,3.778184,0.116097,-13.315007,0.023943,0.644060,9.991309,-0.000056,-0.062204,0.001484,54.539997,24.900000,-138.060000
10.200000,3.776489,0.058423,-13.315298,-0.011971,0.627300,10.029617,0.003609,-0.019444,-0.002792,54.239998,24.539999,-138.420000
10.224000,3.775225,0.055417,-13.316112,0.047885,0.543500,9.806950,-0.005554,0.023928,0.010037,54.780000,24.119999,-138.000000
10.241000,3.758635,0.077526,-13.303137,-0.059857,0.629694,9.608225,-0.018382,0.005602,0.015534,55.260000,24.060000,-138.900000
10.262000,3.730173,0.084557,-13.284319,-0.047885,0.699128,9.651321,-0.029378,0.014765,0.017367,54.899998,25.439999,-139.500000
10.284000,3.702668,0.104262,-13.268205,-0.088588,0.610540,9.842864,-0.002500,0.004991,0.003317,54.660000,25.800000,-138.540000
10.301000,3.722648,0.092260,-13.267797,0.040703,0.519558,9.785401,0.044537,-0.034105,0.002095,54.780000,24.840000,-138.360000
10.321000,3.758541,0.055469,-13.264563,-0.002394,0.498009,9.818921,0.013994,-0.029218,0.002706,54.899998,24.539999,-138.660000
10.350000,3.750850,0.019144,-13.257687,0.009577,0.577020,10.043983,-0.023269,-0.047544,0.011869,54.239998,25.140000,-138.480000
10.397000,3.709795,-0.033160,-13.247642,0.057463,0.675185,10.161303,-0.036708,-0.027996,0.000874,54.480000,25.140000,-138.660000
10.398000,3.664321,-0.055051,-13.247935,0.014366,0.656031,9.929058,-0.029989,0.020262,-0.003403,55.079998,24.779999,-139.020000
10.404000,3.628724,-0.019649,-13.253562,0.016760,0.598569,9.919480,-0.020826,0.066688,-0.012565,54.480000,25.800000,-139.500000
10.422000,3.604838,0.054246,-13.269184,-0.007183,0.567443,9.866806,-0.020826,0.035534,-0.010122,54.539997,25.740000,-139.080000
10.442000,3.571921,0.072534,-13.278844,-0.035914,0.569837,9.847652,-0.047093,0.004380,-0.001570,54.840000,25.140000,-138.599990
10.464000,3.508507,0.079855,-13.276617,-0.014366,0.560260,9.960183,-0.080080,0.015375,0.011258,55.020000,24.960000,-138.840000
10.482000,3.399633,0.112550,-13.261428,-0.043097,0.577020,9.859624,-0.144220,0.076462,0.018589,55.379997,25.080000,-139.020000
10.502000,3.206441,0.218440,-13.233446,-0.038308,0.421392,9.543579,-0.244402,0.146101,0.035082,54.960000,25.680000,-138.780000
10.524000,2.889967,0.384215,-13.187632,-0.169993,0.330410,9.354432,-0.391621,0.158929,0.045467,54.899998,25.800000,-138.180000
10.542000,2.401682,0.545930,-13.129086,-0.069434,0.349564,9.196409,-0.568161,0.069132,0.050964,55.020000,25.800000,-138.239990
10.568000,1.726715,0.566295,-13.064935,-0.002394,0.076617,9.378374,-0.738592,-0.083585,0.054019,55.079998,26.340000,-138.900000
10.588000,0.821908,0.432022,-12.997379,-0.050280,-0.045491,10.077502,-1.092283,-0.120847,0.057073,55.079998,27.060000,-138.900000
10.601000,-0.498048,0.304098,-12.923512,-0.277736,-0.287313,10.024829,-1.364118,-0.090915,0.052797,55.140000,28.320000,-138.540000
10.623000,-2.096621,0.206176,-12.856757,-0.047885,-0.608146,10.249890,-1.527830,-0.042657,0.046688,55.260000,29.699999,-139.020000
10.643000,-3.791165,0.242230,-12.808083,-0.057463,-1.139675,9.953000,-1.429481,0.188861,-0.029059,55.079998,31.439999,-138.420000
10.662000,-5.352546,0.481459,-12.856216,-0.196331,-1.055875,9.823709,-1.271267,0.266441,-0.114580,54.899998,32.940000,-138.060000
10.682000,-6.725197,0.770827,-12.985159,-0.332804,-1.338400,9.675264,-1.157646,0.220015,-0.134128,55.379997,34.140000,-138.780000
10.704000,-8.025762,0.969624,-13.112661,-0.256187,-1.675992,9.402317,-1.248054,0.059358,-0.109693,55.559998,35.700000,-138.000000
10.723000,-9.472488,0.961901,-13.197682,-0.234639,-2.166819,9.182044,-1.449029,-0.144060,-0.058991,55.440000,37.260000,-137.459990
10.744000,-11.172594,0.746829,-13.222969,-0.107742,-2.267378,9.335278,-1.625569,-0.229581,0.000263,55.199997,38.820000,-137.400000
10.778000,-13.011684,0.536507,-13.188497,-0.033520,-2.492440,9.751882,-1.635342,-0.048765,0.021032,54.899998,40.320000,-136.800000
10.782000,-14.809360,0.542280,-13.154983,-0.002394,-2.863553,9.739910,-1.540658,0.100286,-0.008900,54.719997,41.879997,-136.080000
10.801000,-16.490290,0.662506,-13.162256,-0.045491,-3.184385,9.241900,-1.451472,0.083182,-0.049828,54.899998,43.200000,-135.060000
10.825000,-18.104635,0.696938,-13.215524,-0.284919,-3.256214,8.913885,-1.492400,-0.109852,-0.080372,55.199997,44.879997,-134.280000
10.841000,-19.790570,0.479914,-13.292028,-0.287313,-3.469304,9.028811,-1.558374,-0.332818,-0.075485,54.719997,46.500000,-133.080000
10.861000,-21.500776,0.063928,-13.354891,-0.265765,-3.672817,8.901914,-1.489956,-0.326709,-0.058380,54.120000,47.520000,-131.819990
10.883000,-23.109722,-0.262067,-13.399809,-0.246610,-3.876331,8.458973,-1.368394,-0.229581,0.005760,53.940000,48.660000,-131.819990
10.902000,-24.594652,-0.520073,-13.370413,-0.016760,-4.118153,8.382356,-1.296312,-0.395737,0.036915,53.520000,50.579998,-131.400000
10.921000,-26.002958,-0.999122,-13.296610,0.095771,-4.465323,8.286585,-1.296312,-0.575942,0.072956,52.980000,52.199997,-130.200000
10.946000,-27.461494,-1.596718,-13.183513,0.392661,-4.771790,7.630554,-1.414820,-0.552729,0.085173,53.280000,53.219997,-129.060000
10.985000,-29.108488,-2.180919,-13.089932,0.550683,-5.135719,7.726325,-1.560817,-0.342592,0.086395,50.940000,55.980000,-126.299995
10.985000,-30.916056,-2.732645,-13.011895,0.550683,-5.135719,7.726325,-1.560817,-0.342592,0.086395,50.940000,55.980000,-126.299995
11.003000,-32.584810,-3.051575,-12.954388,0.694340,-5.746260,9.634562,-1.239502,-0.225916,0.055241,51.239998,58.020000,-123.899994
11.023000,-33.824024,-3.323321,-12.927095,0.706311,-6.050332,9.280210,-0.874204,-0.164219,0.008815,51.239998,59.640000,-123.000000
11.041000,-34.647438,-3.393883,-12.958031,0.316044,-5.887522,8.080677,-0.567550,0.233454,0.000874,51.300000,60.660000,-122.820000
11.064000,-35.234554,-3.129480,-13.001470,0.325621,-5.858790,7.345635,-0.562052,0.223070,0.031417,51.300000,60.899998,-121.380000
11.082000,-35.902225,-2.893794,-12.992535,0.617723,-6.023995,7.939415,-0.709882,0.152209,0.061960,52.199997,61.320000,-121.020000
11.102000,-36.716827,-2.709179,-12.968586,0.553077,-6.103006,8.320105,-0.701330,0.124109,0.036304,52.500000,62.100000,-120.240000
11.123000,-37.447342,-2.586147,-12.975994,0.409421,-6.323280,8.183631,-0.524179,0.126553,0.002095,52.559998,62.699997,-119.219990
11.144000,-37.987522,-2.457644,-13.015526,0.476461,-6.318491,8.159689,-0.411779,0.099064,-0.012565,52.559998,63.239998,-119.159996
11.183000,-38.419827,-2.424030,-13.055460,0.699128,-6.447782,8.140534,-0.336643,-0.020666,0.006982,52.199997,63.899998,-118.439995
11.188000,-38.758286,-2.462656,-13.057203,0.577020,-6.225114,7.592246,-0.264561,0.039810,0.006371,51.719997,64.439995,-117.600000
11.201000,-39.041080,-2.430004,-13.065123,0.426181,-6.141315,7.340846,-0.264561,0.047751,0.025308,51.420000,64.979996,-117.420000
11.224000,-39.360970,-2.367691,-13.055307,0.454912,-6.371165,7.197190,-0.389177,0.118612,0.019199,51.420000,65.040000,-117.479996
11.243000,-39.842163,-2.199819,-13.076442,0.160416,-6.308914,7.814913,-0.467368,0.240785,0.014923,51.539997,64.680000,-117.360000
11.262000,-40.335773,-1.936085,-13.103072,0.021548,-6.313703,7.910684,-0.329923,0.216350,0.024086,52.379997,64.799995,-117.299995
11.282000,-40.666145,-1.676117,-13.114548,0.002394,-6.416657,7.568303,-0.248678,0.147933,0.027752,52.920000,65.100000,-116.820000
11.304000,-40.934690,-1.532638,-13.101020,0.131685,-6.612987,7.084659,-0.245013,0.030036,0.008204,52.860000,66.000000,-116.700000
11.322000,-41.233753,-1.521627,-13.116941,0.282524,-7.065505,6.871569,-0.395897,-0.149558,-0.047385,53.460000,66.060000,-116.579994
11.344000,-41.704826,-1.801387,-13.170725,0.203513,-7.173247,7.826884,-0.412390,-0.179491,-0.076095,53.160000,66.360000,-115.259995
11.378000,-42.144360,-2.051748,-13.274259,0.181965,-7.144516,7.975329,-0.273113,-0.032272,-0.087702,52.680000,67.140000,-114.360000
11.383000,-42.387550,-2.158080,-13.384228,0.229850,-7.051139,7.719142,-0.036708,-0.004172,-0.044330,53.100000,66.900000,-114.180000
11.402000,-42.351475,-2.200973,-13.427821,0.136474,-6.897906,6.972128,0.186869,-0.046322,-0.021728,52.620000,66.840000,-114.180000
11.424000,-42.131300,-2.306964,-13.442950,0.208302,-6.703970,6.919454,0.137388,-0.196595,-0.035778,52.559998,67.200000,-114.240000
11.441000,-42.030678,-2.592823,-13.442205,0.153234,-6.522005,7.486898,0.020713,-0.288835,-0.023561,52.980000,66.780000,-114.420000
11.463000,-42.003872,-2.908922,-13.422285,0.179571,-6.603410,7.352818,0.067750,-0.170328,-0.010733,52.079998,66.540000,-114.659996
11.486000,-41.907482,-3.053278,-13.385509,0.110137,-6.440599,7.439012,0.145330,-0.071978,0.018589,51.360000,66.900000,-114.360000
11.501000,-41.715454,-3.074378,-13.324897,0.153234,-6.555524,7.211556,0.257729,-0.061594,0.045467,51.899998,66.659996,-113.820000
11.522000,-41.408520,-3.078196,-13.221143,0.411815,-6.596227,7.585063,0.316372,-0.099467,0.071123,52.199997,66.720000,-114.180000
11.545000,-41.047577,-3.074588,-13.088660,0.569837,-6.653690,7.290567,0.319426,-0.011503,0.056462,51.899998,66.299995,-115.500000
11.582000,-40.712086,-2.986340,-13.005500,0.471672,-6.522005,7.762239,0.485582,0.146711,0.027141,51.780000,66.299995,-116.640000
11.582000,-40.349518,-2.839580,-12.957472,0.471672,-6.522005,7.762239,0.485582,0.146711,0.027141,51.780000,66.299995,-116.640000
11.608000,-39.712013,-2.602959,-12.929663,0.433364,-6.265817,8.401510,0.786127,0.160761,0.016145,51.899998,65.820000,-116.700000
11.623000,-38.687458,-2.417134,-12.921247,0.359141,-6.148498,7.745479,1.133099,0.058747,-0.031502,51.600000,65.040000,-117.659996
11.642000,-37.354080,-2.376558,-12.930335,0.543500,-6.234692,7.640131,1.235113,-0.030439,-0.035778,51.840000,64.619995,-118.320000
11.669000,-35.985960,-2.389838,-12.942400,0.387873,-5.842030,8.130958,1.145927,0.031869,-0.050439,52.559998,63.300000,-119.219990
11.684000,-34.775505,-2.389143,-12.963190,0.404632,-5.674431,9.407105,1.056130,-0.051209,-0.013176,51.840000,61.620000,-121.320000
11.701000,-33.525772,-2.377267,-12.939068,-0.081405,-5.190788,8.458973,1.352399,0.093566,0.000874,51.899998,61.379997,-122.640000
11.724000,-31.877815,-2.234554,-12.877999,0.000000,-5.298530,7.326481,1.764734,0.003769,0.028973,51.840000,59.940000,-124.020000
11.743000,-29.936512,-2.204556,-12.750994,0.316044,-5.308107,8.035186,1.669439,-0.200871,0.072956,51.780000,58.440000,-125.700000
11.781000,-28.297333,-2.332700,-12.575146,0.869122,-4.970514,9.641745,1.106221,-0.002950,0.061960,52.680000,57.300000,-126.600000
11.784000,-27.189953,-2.199547,-12.485373,0.349564,-4.539545,9.718362,1.057352,0.260943,0.006371,52.140000,55.500000,-127.439995
11.807000,-25.983074,-1.898434,-12.454822,0.131685,-4.412649,9.225141,1.318191,0.172368,0.017978,51.539997,54.180000,-128.459990
11.823000,-24.431698,-1.675599,-12.396206,0.043097,-4.077450,9.115005,1.681656,0.175422,0.031417,52.320000,52.620000,-129.900000
11.844000,-22.520863,-1.426272,-12.290695,0.284919,-3.797320,10.546781,1.943717,0.248115,0.117549,52.920000,50.940000,-131.220000
11.862000,-20.293920,-0.945520,-12.089429,0.766168,-3.720703,10.733534,2.258313,0.868143,0.179246,53.579998,49.260000,-132.540000
11.884000,-17.761301,0.325543,-11.876616,0.332804,-3.423813,10.252285,2.411640,1.691590,0.210400,53.940000,46.800000,-134.160000
11.903000,-15.133597,2.303968,-11.732464,-0.313650,-2.899467,9.273026,2.569243,1.778944,0.232391,55.379997,43.860000,-134.640000
11.922000,-12.396676,3.987966,-11.669698,-1.036721,-1.941757,9.012051,2.696914,1.154639,0.218952,57.180000,41.040000,-135.780000
11.942000,-9.585097,5.063256,-11.678200,-1.089395,-1.290514,9.091062,2.715240,0.803392,0.265989,58.199997,38.879997,-138.060000
11.964000,-6.749466,5.809542,-11.671656,-0.708705,-0.830813,9.407105,2.723792,0.598141,0.283093,59.219997,35.940000,-139.080000
11.982000,-3.871268,6.360226,-11.700973,-0.802082,-0.500403,9.076695,2.828250,0.470470,0.228115,60.239998,32.940000,-139.200000
12.000000,-0.904180,6.706775,-11.843808,-1.189955,-0.153234,9.019233,2.899110,0.198635,0.126712,61.260000,29.820000,-139.739990
12.024000,2.096619,6.805335,-12.125940,-1.750215,0.859545,9.232324,2.910717,-0.019444,0.036915,61.379997,26.460000,-140.400000
12.042000,5.082254,6.740024,-12.472205,-1.857957,1.494028,9.577099,2.682253,-0.257681,0.070512,61.500000,23.340000,-140.700000
12.061000,7.859256,6.412734,-12.700761,-1.247417,1.616135,9.936240,2.480056,-0.668794,0.222618,61.620000,20.580000,-140.459990
12.083000,10.510726,5.686250,-12.745153,-1.051087,1.620924,9.100638,2.555193,-0.690785,0.203681,60.899998,18.119999,-139.980000
12.101000,13.210780,4.991221,-12.821643,-0.931373,2.525960,9.043176,2.553361,-0.717052,0.113273,59.640000,15.179999,-139.200000
12.122000,15.846395,4.254512,-12.953036,-0.775745,3.428602,9.249083,2.253426,-0.774473,0.066847,58.620000,12.480000,-138.660000
12.145000,18.136845,3.487416,-13.061972,-0.569837,4.015199,8.956982,1.801996,-0.714608,0.093725,58.199997,10.020000,-137.580000
12.179000,20.003435,2.717793,-13.061386,-0.368718,3.950553,8.686429,1.492898,-0.765921,0.147481,57.660000,8.820000,-136.140000
12.183000,21.636538,1.807607,-12.975335,-0.105348,4.163644,8.741497,1.466020,-0.892370,0.121214,57.000000,7.260000,-135.420000
12.204000,23.272810,0.815177,-12.924979,-0.090982,4.632922,8.724737,1.373169,-0.720106,0.044856,56.399998,4.860000,-134.940000
12.221000,24.741615,0.088268,-12.917648,-0.007183,4.927418,8.748680,1.108053,-0.442163,0.050964,55.320000,3.960000,-134.520000
12.240000,25.924755,-0.361621,-12.868798,0.114925,4.913052,8.406299,0.882033,-0.249740,0.084562,54.480000,3.780000,-133.920000
12.263000,26.889858,-0.668605,-12.758534,0.361536,4.630528,7.970541,0.776964,-0.241188,0.113273,54.059998,3.120000,-133.800000
12.283000,27.780770,-1.032189,-12.636890,0.481249,4.908263,8.078283,0.805675,-0.319379,0.035693,54.000000,2.280000,-133.500000
12.302000,28.704930,-1.404344,-12.627322,0.342381,5.253039,8.171659,0.774521,-0.221029,-0.054715,54.180000,1.380000,-132.660000
12.322000,29.576342,-1.573639,-12.708543,-0.083800,5.475707,8.142929,0.719543,-0.034715,-0.113358,53.940000,0.600000,-132.599990
12.342000,30.403545,-1.493017,-12.845907,-0.009577,5.322473,7.738296,0.694498,0.114336,-0.120078,53.340000,-0.180000,-132.120000
12.370000,31.157970,-1.230972,-12.973758,0.138868,5.401484,7.824490,0.525288,0.284767,-0.112747,53.399998,-0.660000,-131.099990
12.384000,31.737106,-0.818379,-13.090396,0.038308,5.509226,7.709565,0.394563,0.256056,-0.109693,53.699997,-0.840000,-130.620000
12.401000,32.154484,-0.491039,-13.199160,0.167599,5.494861,7.711959,0.224742,0.146711,-0.071819,54.180000,-1.740000,-130.860000
12.421000,32.401180,-0.312624,-13.281318,0.074223,5.528380,7.606611,0.140443,-0.003561,-0.079150,54.600000,-1.980000,-131.400000
12.442000,32.560740,-0.302679,-13.381232,0.021548,5.602603,7.632948,0.022546,-0.090915,-0.052272,54.719997,-2.160000,-131.459990
12.461000,32.575207,-0.367731,-13.442210,-0.004789,5.628940,7.848433,-0.130170,-0.045711,-0.011344,54.719997,-2.400000,-131.160000
12.485000,32.445340,-0.411340,-13.458294,-0.023943,5.715134,8.107015,-0.179651,-0.070146,-0.000348,54.840000,-2.340000,-131.940000
12.503000,32.275030,-0.478533,-13.465004,0.045491,5.609786,7.865193,-0.265172,0.023317,0.008204,54.660000,-1.980000,-131.879990
12.522000,31.980698,-0.416679,-13.446146,0.160416,5.516409,7.630554,-0.423997,0.157096,0.018589,54.480000,-1.140000,-131.459990
12.543000,31.514254,-0.245803,-13.413030,0.169993,5.382330,7.577880,-0.598704,0.135716,0.015534,54.719997,-1.080000,-131.580000
12.578000,30.871078,-0.146938,-13.388470,0.146051,5.279376,7.790970,-0.754475,-0.016390,-0.004013,54.899998,-0.780000,-132.180000
12.583000,30.059843,-0.238133,-13.394729,-0.047885,5.061497,7.831673,-0.942621,-0.224084,0.000263,54.960000,-0.060000,-132.660000
12.602000,29.025860,-0.531374,-13.408954,0.150839,4.917840,8.298556,-1.158868,-0.235690,0.052186,54.719997,0.900000,-132.660000
12.624000,27.785700,-0.749903,-13.353207,0.272947,4.652076,8.578687,-1.260271,0.038588,0.052186,53.879997,1.860000,-133.020000
12.641000,26.441760,-0.667033,-13.311395,0.177176,4.501236,8.353624,-1.343349,0.141214,-0.002181,53.520000,2.700000,-133.920000
12.661000,25.008009,-0.592337,-13.326973,0.079011,4.211529,8.451790,-1.456970,-0.255238,-0.004624,54.059998,4.200000,-134.340000
12.689000,23.433554,-0.998205,-13.346381,0.004789,3.952948,9.012051,-1.647560,-0.566779,0.061349,53.699997,5.880000,-134.099990
12.704000,21.654171,-1.616653,-13.320742,0.155628,3.794926,9.718362,-1.703759,-0.399402,0.084562,53.100000,7.500000,-134.879990
12.721000,19.878593,-1.969137,-13.299038,0.189148,3.368745,9.280210,-1.554097,-0.109852,0.050964,52.980000,8.760000,-135.360000
12.744000,18.249092,-2.008542,-13.313145,0.581809,2.827639,8.842057,-1.552876,0.061801,0.026530,53.039997,10.020000,-135.660000
12.775000,16.552452,-1.890258,-13.344595,0.418998,2.786936,9.790190,-1.698872,0.186418,0.002706,53.160000,11.820000,-136.319990
12.786000,14.678643,-1.614265,-13.400332,-0.062251,2.719896,10.130177,-1.836928,0.373342,0.016756,53.699997,13.440000,-136.680000
12.809000,12.705626,-1.130817,-13.406441,-0.150839,1.766975,9.754275,-1.760570,0.419157,0.063182,53.940000,14.880000,-137.340000
12.829000,10.833588,-0.674058,-13.358117,0.174782,1.400651,9.162890,-1.706814,0.361736,0.082729,53.879997,16.560000,-137.280000
12.843000,8.946674,-0.280438,-13.277343,0.138868,1.319246,9.124581,-1.824711,0.372732,0.066236,54.539997,18.060000,-137.580000
12.863000,6.962214,0.095513,-13.212314,-0.292102,1.019961,9.775824,-1.775231,0.196192,0.039358,55.020000,20.160000,-138.540000
12.881000,5.100135,0.262219,-13.166561,-0.304073,1.082212,10.592272,-1.617016,0.141825,0.005150,54.899998,22.500000,-138.540000
12.908000,3.386958,0.459670,-13.147645,-0.615329,0.735042,10.194822,-1.518667,0.150988,0.011869,54.840000,24.000000,-138.900000
12.928000,1.844980,0.593769,-13.118100,-0.320833,0.210696,10.343267,-1.269434,0.031869,0.014923,55.320000,25.199999,-138.780000
12.947000,0.563776,0.696075,-13.088573,-0.215485,-0.031126,10.264257,-1.012871,0.242006,-0.009511,55.500000,26.760000,-138.180000
12.982000,-0.483330,1.012772,-13.087668,-0.136474,-0.294496,9.953000,-0.851602,0.203522,-0.016842,56.340000,29.460000,-138.180000
12.982000,-1.458350,1.350893,-13.087986,-0.136474,-0.294496,9.953000,-0.851602,0.203522,-0.016842,56.340000,29.460000,-138.180000
13.003000,-2.359129,1.552195,-13.077010,-0.280130,-0.399844,10.391152,-0.736149,0.103951,-0.000348,56.039997,30.000000,-138.060000
13.021000,-3.122650,1.612244,-13.047195,-0.169993,-0.541106,10.388759,-0.595650,-0.093359,0.035082,56.520000,31.380000,-138.780000
13.043000,-3.708891,1.450096,-12.980558,-0.155628,-0.660820,10.197216,-0.369630,-0.232636,0.050964,56.640000,31.439999,-139.140000
13.061000,-4.033332,1.210081,-12.916035,-0.095771,-0.735042,10.269045,-0.141166,-0.094580,0.055241,55.620000,32.280000,-139.140000
13.080000,-4.122758,1.172234,-12.844877,-0.122108,-0.684763,10.041589,0.036596,0.112503,0.060127,55.559998,33.120000,-138.959990
13.103000,-4.016757,1.314736,-12.784064,-0.284919,-0.727860,9.739910,0.136778,0.061190,0.047299,55.620000,32.040000,-138.239990
13.121000,-3.868724,1.338689,-12.729348,-0.129291,-0.720677,10.084685,0.117230,-0.146504,0.059517,55.800000,31.859999,-138.480000
13.142000,-3.726746,1.099073,-12.665734,-0.167599,-0.442941,10.170879,0.131891,-0.350533,0.061960,56.399998,32.520000,-139.500000
13.168000,-3.570721,0.705767,-12.601825,-0.052674,-0.201119,10.750294,0.171597,-0.172771,0.030806,55.800000,31.920000,-139.080000
13.180000,-3.328974,0.644711,-12.583130,-0.126897,-0.481249,9.823709,0.307820,0.171757,0.007593,55.140000,31.619999,-138.599990
13.202000,-2.943667,0.834771,-12.573026,-0.193936,-0.600963,9.349643,0.399450,0.106394,0.002706,55.199997,31.380000,-138.780000
13.223000,-2.493606,0.925155,-12.581180,-0.112531,-0.555472,9.466963,0.351191,-0.035937,0.010647,54.960000,31.199999,-138.540000
13.241000,-2.138803,0.806257,-12.566916,-0.282524,-0.229850,10.302565,0.272390,-0.220418,0.033860,55.079998,31.019999,-139.200000
13.262000,-1.807892,0.530496,-12.523897,-0.184359,-0.031126,9.953000,0.356689,-0.330985,0.055241,55.680000,30.179998,-139.200000
13.284000,-1.396557,0.145366,-12.474397,-0.134079,-0.237033,10.125388,0.371961,-0.298609,-0.023561,55.260000,29.820000,-138.000000
13.303000,-0.944900,-0.096137,-12.572589,0.064645,0.169993,9.833286,0.486193,0.028204,-0.210486,54.360000,29.400000,-138.300000
13.325000,-0.394202,-0.025053,-12.793475,0.165205,0.071828,10.065532,0.385400,0.133272,-0.132906,54.719997,29.220000,-138.840000
13.346000,-0.025803,0.140311,-12.918411,-0.107742,-0.301679,9.584282,0.142275,0.103951,-0.055937,54.840000,28.619999,-138.840000
13.386000,0.065203,0.181215,-12.971952,0.038308,-0.287313,9.648928,-0.200420,-0.312659,-0.023561,54.660000,28.260000,-139.500000
13.386000,-0.034662,-0.114897,-12.995056,0.038308,-0.287313,9.648928,-0.200420,-0.312659,-0.023561,54.660000,28.260000,-139.500000
13.402000,-0.312537,-0.446847,-13.023129,0.189148,-0.114925,10.027223,-0.351915,-0.227138,-0.022950,54.719997,28.080000,-140.040000
13.422000,-0.740561,-0.682700,-13.058982,-0.016760,0.011971,9.866806,-0.378793,-0.169717,-0.037611,54.899998,28.560000,-138.480000
13.442000,-1.146640,-0.866705,-13.113140,-0.045491,-0.090982,10.065532,-0.288995,-0.094580,-0.049828,54.420000,28.980000,-137.879990
13.463000,-1.454154,-0.912715,-13.174394,-0.102954,-0.172388,9.976943,-0.235850,0.099064,-0.041887,53.579998,29.640000,-138.300000
13.482000,-1.708148,-0.744495,-13.214208,0.050280,-0.059857,9.890749,-0.236461,0.241396,0.000263,53.100000,29.760000,-138.180000
13.504000,-1.982867,-0.442466,-13.208671,-0.026337,-0.205908,9.988914,-0.268837,0.333636,0.006982,53.579998,29.580000,-138.420000
13.524000,-2.260691,-0.028841,-13.209354,-0.014366,-0.538712,10.084685,-0.172931,0.422212,-0.011955,54.480000,30.000000,-138.239990
13.543000,-2.374163,0.456642,-13.229477,0.102954,-0.471672,9.440625,0.050646,0.380062,-0.040665,54.960000,30.420000,-138.540000
13.586000,-2.288415,0.805299,-13.292460,-0.179571,-0.591386,9.354432,-0.006776,-0.057928,-0.047385,55.739998,30.300000,-139.260000
13.586000,-2.210925,0.838392,-13.388696,-0.179571,-0.591386,9.354432,-0.006776,-0.057928,-0.047385,55.739998,30.300000,-139.260000
13.604000,-2.238911,0.777947,-13.427651,-0.282524,-0.198725,10.051166,-0.024491,-0.072589,-0.022339,55.680000,30.539999,-139.620000
13.627000,-2.247292,0.592317,-13.445435,-0.035914,-0.347170,9.835681,0.039650,-0.437887,-0.003403,55.680000,30.599998,-139.800000
13.644000,-2.185635,0.047782,-13.453262,-0.033520,-0.512375,9.694419,0.070804,-0.523408,-0.022339,55.140000,30.420000,-139.200000
13.662000,-2.121505,-0.516234,-13.476300,-0.021548,-0.193936,10.003280,-0.012274,-0.343813,-0.007068,54.660000,30.060000,-138.420000
13.682000,-2.153897,-0.796065,-13.479185,-0.011971,-0.208302,10.264257,-0.015939,-0.076254,0.014923,53.879997,30.240000,-138.480000
13.705000,-2.129684,-0.863226,-13.459962,-0.014366,-0.258582,10.127783,0.126393,-0.083585,0.018589,54.059998,30.539999,-138.900000
13.722000,-1.956960,-0.947478,-13.433505,-0.249005,-0.339987,9.921875,0.180760,-0.062815,0.030806,54.000000,30.300000,-138.599990
13.743000,-1.760240,-0.976434,-13.383510,-0.019154,-0.313650,9.718362,0.137388,0.013543,0.078453,53.760000,29.640000,-138.720000
13.792000,-1.619678,-0.949560,-13.285546,0.189148,-0.193936,9.950606,0.041483,0.128386,0.040580,53.940000,29.760000,-139.140000
13.792000,-1.536598,-0.881490,-13.204609,0.189148,-0.193936,9.950606,0.041483,0.128386,0.040580,53.940000,29.760000,-139.140000
13.803000,-1.497031,-0.701551,-13.162985,-0.074223,-0.117319,10.340873,0.039650,0.214518,0.021643,54.120000,29.760000,-139.260000
13.824000,-1.424260,-0.485866,-13.137825,-0.263370,-0.215485,10.292988,0.166099,0.014154,0.038136,54.300000,29.460000,-139.140000
13.841000,-1.199395,-0.489675,-13.080788,-0.059857,-0.244216,10.072714,0.262616,-0.042657,0.080286,54.239998,29.699999,-138.060000
13.861000,-0.904109,-0.476230,-12.984862,0.141262,-0.158022,9.924269,0.248566,0.074019,0.080897,54.180000,30.000000,-137.819990
13.887000,-0.653682,-0.340502,-12.895612,0.220273,-0.131685,9.938635,0.178927,0.152209,0.066847,54.059998,29.820000,-139.080000
13.907000,-0.479637,-0.191466,-12.822729,0.177176,-0.031126,9.660899,0.137388,0.014765,0.050354,54.239998,28.680000,-139.379990
13.923000,-0.340726,-0.265966,-12.766980,0.222668,-0.076617,9.823709,0.119063,-0.222862,0.048521,54.719997,27.539999,-138.959990
13.946000,-0.215849,-0.522609,-12.714091,0.325621,-0.110137,9.771035,0.113565,-0.151391,0.037525,54.840000,27.720000,-139.620000
13.986000,-0.091943,-0.647229,-12.677009,0.189148,-0.014366,9.620196,0.050646,0.118001,0.009426,54.420000,28.019999,-138.540000
13.986000,0.002543,-0.599486,-12.665840,0.189148,-0.014366,9.620196,0.050646,0.118001,0.009426,54.420000,28.019999,-138.540000
14.004000,0.053486,-0.477152,-12.654842,-0.088588,0.050280,9.739910,0.070193,0.053249,0.002706,54.300000,28.080000,-138.540000
14.024000,0.145787,-0.460234,-12.650331,-0.270553,0.067040,9.490906,0.127615,-0.077476,0.025308,53.640000,28.260000,-138.239990
14.042000,0.279616,-0.540947,-12.607580,0.033520,0.038308,9.524425,0.086076,-0.040213,0.054019,54.000000,28.019999,-139.140000
14.064000,0.341578,-0.535625,-12.551053,-0.071828,0.079011,9.478934,-0.014717,0.039199,0.033860,54.840000,27.720000,-139.560000
14.082000,0.289555,-0.474105,-12.509914,-0.011971,0.045491,9.613013,-0.111845,-0.004783,0.063793,54.420000,27.660000,-139.140000
14.105000,0.145010,-0.485979,-12.426897,0.418998,0.057463,10.051166,-0.154605,-0.054263,0.087616,53.760000,28.140000,-138.660000
14.123000,-0.023777,-0.547861,-12.336470,0.383084,-0.081405,10.400730,-0.084356,0.012321,0.025919,53.820000,28.680000,-138.599990
14.146000,-0.092535,-0.520232,-12.320047,0.244216,-0.100560,10.470163,0.002998,0.118612,-0.010122,54.480000,28.859999,-139.020000
14.192000,-0.069172,-0.409608,-12.329402,-0.083800,-0.122108,10.063137,0.057976,0.036145,0.007593,54.120000,28.019999,-138.720000
14.193000,-0.006032,-0.422834,-12.311074,0.098165,0.043097,9.797373,0.046370,-0.122069,0.046078,54.120000,28.019999,-138.720000
14.209000,0.034702,-0.584281,-12.251595,0.234639,0.067040,9.668081,0.023768,-0.152612,0.048521,54.239998,27.900000,-138.720000
14.224000,0.056123,-0.740674,-12.202415,0.174782,0.095771,9.553157,-0.007997,-0.057928,0.023476,54.719997,28.019999,-138.480000
14.243000,0.032761,-0.777852,-12.182185,0.074223,0.086194,9.627379,-0.069084,0.028204,0.017978,55.140000,28.500000,-138.000000
14.262000,-0.048144,-0.766179,-12.161060,0.047885,-0.016760,9.859624,-0.071527,-0.067702,0.023476,53.640000,28.560000,-138.180000
14.284000,-0.119851,-0.826202,-12.133407,0.258582,-0.232245,9.988914,-0.059921,0.016597,0.012480,53.399998,27.960000,-138.599990
14.306000,-0.186231,-0.775290,-12.132279,0.165205,-0.205908,9.912297,-0.050758,0.098453,-0.031502,53.640000,27.960000,-138.599990
14.322000,-0.253016,-0.666011,-12.178302,-0.102954,-0.138868,10.015251,-0.063586,0.100286,-0.051661,54.059998,28.500000,-138.599990
14.345000,-0.333813,-0.550128,-12.233706,-0.131685,-0.090982,9.933846,-0.069695,0.055082,-0.029059,54.360000,28.080000,-138.780000
14.387000,-0.416260,-0.502591,-12.257566,0.217879,-0.043097,10.115811,-0.003111,-0.035937,-0.050439,54.840000,28.560000,-138.840000
14.387000,-0.480633,-0.509830,-12.278070,0.217879,-0.043097,10.115811,-0.003111,-0.035937,-0.050439,54.840000,28.560000,-138.840000
14.404000,-0.455424,-0.547323,-12.350733,0.033520,0.021548,9.780613,0.074469,0.022095,-0.091367,54.539997,28.380000,-139.080000
14.424000,-0.370751,-0.513182,-12.452869,-0.110137,0.129291,9.605830,0.045759,0.034312,-0.074263,54.600000,28.439999,-138.720000
14.441000,-0.327398,-0.473658,-12.528152,-0.102954,0.146051,9.624985,-0.022658,0.001936,-0.029670,54.600000,28.320000,-138.720000
14.463000,-0.354776,-0.454498,-12.551949,-0.052674,0.045491,9.680053,-0.084356,-0.006005,-0.001570,54.120000,28.560000,-138.900000
14.486000,-0.433008,-0.448685,-12.550194,0.143656,-0.031126,9.905115,-0.106347,-0.040824,0.005760,54.239998,29.279999,-139.260000
14.502000,-0.531477,-0.485224,-12.550459,0.114925,-0.014366,9.988914,-0.091075,-0.027385,-0.005235,54.480000,28.859999,-139.319990
14.523000,-0.605572,-0.513390,-12.563079,0.126897,-0.146051,10.161303,-0.050758,-0.037159,-0.021118,53.879997,28.859999,-139.140000
14.545000,-0.635115,-0.527774,-12.592611,0.110137,-0.229850,10.091868,0.009718,0.052027,-0.042498,54.120000,28.439999,-138.720000
14.589000,-0.616271,-0.441024,-12.643882,0.114925,-0.208302,9.909904,-0.044649,0.003158,-0.043109,54.539997,29.519999,-138.480000
14.589000,-0.644196,-0.313902,-12.694203,0.114925,-0.208302,9.909904,-0.044649,0.003158,-0.043109,54.539997,29.519999,-138.480000
14.604000,-0.688381,-0.351997,-12.744292,0.081405,-0.067040,10.048771,-0.005554,-0.078698,-0.049217,54.539997,28.859999,-138.720000
14.624000,-0.681149,-0.439981,-12.799588,-0.062251,0.002394,9.943423,0.026822,-0.045100,-0.037611,54.480000,28.439999,-138.840000
14.641000,-0.642837,-0.462869,-12.833002,0.040703,-0.019154,9.850046,0.035374,0.033091,-0.012565,53.940000,28.800000,-138.780000
14.663000,-0.597633,-0.415311,-12.846941,0.019154,-0.069434,9.718362,0.022546,0.025149,-0.016842,54.000000,28.740000,-138.720000
14.681000,-0.575047,-0.396166,-12.868884,-0.086194,0.009577,9.656111,-0.012274,-0.032883,-0.024172,54.600000,28.800000,-138.900000
14.701000,-0.598531,-0.436771,-12.892156,-0.174782,0.059857,9.787795,-0.078247,-0.048765,-0.002792,54.780000,28.680000,-139.080000
14.725000,-0.668007,-0.468118,-12.887358,-0.040703,-0.004789,9.917087,-0.064808,-0.049987,0.031417,54.420000,28.439999,-138.780000
14.743000,-0.705874,-0.483217,-12.849808,-0.045491,-0.035914,9.996098,-0.025102,0.006823,0.032639,53.940000,29.160000,-138.780000
14.792000,-0.708593,-0.426303,-12.811507,-0.033520,-0.186753,10.022434,0.021324,0.031258,0.036915,54.300000,29.039999,-139.260000
14.792000,-0.696967,-0.334538,-12.767164,-0.033520,-0.186753,10.022434,0.021324,0.031258,0.036915,54.300000,29.039999,-139.260000
14.804000,-0.670185,-0.307582,-12.733807,0.134079,-0.268159,9.883567,0.031709,-0.004172,0.005150,54.960000,29.039999,-138.900000
14.836000,-0.650593,-0.313697,-12.733662,0.007183,-0.251399,9.830893,0.003609,-0.004783,-0.003403,55.140000,29.460000,-139.200000
14.843000,-0.670263,-0.314153,-12.732006,0.193936,-0.181965,9.953000,-0.025102,0.010489,0.006371,54.300000,28.859999,-138.959990
14.861000,-0.702029,-0.319790,-12.734678,0.155628,-0.162811,10.051166,0.022546,-0.012113,-0.020507,54.059998,29.220000,-138.720000
14.882000,-0.671822,-0.333660,-12.763263,-0.074223,-0.172388,8.631361,0.052478,0.014765,-0.029670,54.840000,29.820000,-138.900000
14.903000,-0.679752,-0.230466,-12.788820,0.277736,-0.040703,9.780613,-0.182705,0.314699,-0.000348,54.600000,29.160000,-138.660000
14.921000,-0.872544,0.051177,-12.806560,-0.196331,-0.234639,10.259467,-0.083745,0.006212,-0.047385,54.539997,28.920000,-138.540000
