1621039702864,173.33992,-0.62074775,1.3464409
1621039702886,173.35,-0.732116,1.187899
1621039702904,173.29704,-0.8198492,1.0586431
1621039702924,173.25179,-0.89783156,0.9284768
1621039702946,173.22263,-0.96902883,0.7826678
1621039702964,173.19576,-1.0335994,0.6243065
1621039702985,173.16768,-1.0645001,0.50426596
1621039703007,173.1416,-1.0768499,0.42673042
1621039703025,173.11809,-1.0830278,0.36280856
1621039703044,173.08467,-1.0810677,0.24556601
1621039703066,173.03854,-1.0759279,0.09667291
1621039703084,172.98659,-1.080814,-0.045133136
1621039703105,172.93002,-1.1084839,-0.18916646
1621039703126,172.86388,-1.1392097,-0.30201226
1621039703144,172.80386,-1.1853,-0.36351907
1621039703164,172.77937,-1.226995,-0.39497486
1621039703187,172.8053,-1.2509172,-0.39730284
1621039703206,172.85303,-1.23584,-0.4201118
1621039703227,172.87843,-1.1995606,-0.4551304
1621039703247,172.8978,-1.1514258,-0.46910647
1621039703265,172.93674,-1.0958725,-0.45190287
1621039703286,172.98642,-1.059998,-0.44721508
1621039703306,173.01784,-1.0235709,-0.49977636
1621039703326,173.00337,-0.98938054,-0.62849194
1621039703346,172.9524,-0.97262794,-0.7745707
1621039703376,172.89688,-0.97494924,-0.88305706
1621039703387,172.85936,-0.9901047,-0.957135
1621039703412,172.82112,-0.99551076,-0.9939193
1621039703449,172.79512,-0.9799434,-0.99089706
1621039703449,172.79019,-0.9713117,-0.98439664
1621039703488,172.8125,-0.98661166,-0.986255
1621039703490,172.84384,-0.9861359,-0.99974227
1621039703515,172.88744,-0.9533181,-1.015795
1621039703527,172.92552,-0.8820423,-0.997872
1621039703548,172.96802,-0.79116106,-0.93785113
1621039703565,172.99515,-0.7206941,-0.90088606
1621039703585,172.97165,-0.68477935,-0.93544567
1621039703609,172.90137,-0.6808728,-0.98123056
1621039703641,172.82881,-0.6977392,-0.9999908
1621039703647,172.78026,-0.68395805,-0.94202983
1621039703683,172.77863,-0.67085546,-0.91069573
1621039703689,172.81795,-0.710148,-0.9912297
1621039703710,172.85931,-0.77002436,-1.1212693
1621039703727,172.86539,-0.85861886,-1.2465742
1621039703745,172.87517,-0.9536101,-1.3943709
1621039703765,172.92136,-1.1459651,-1.706199
1621039703788,172.97723,-1.4017627,-2.012582
1621039703814,172.96419,-1.5303144,-2.2067943
1621039703845,172.87401,-1.4655203,-2.208682
1621039703856,172.77502,-1.3545662,-2.1299865
1621039703867,172.72566,-1.2970748,-2.1788125
1621039703907,172.707,-1.2801661,-2.1708543
1621039703933,172.71352,-1.2392387,-2.1128755
1621039703933,172.73207,-1.1865898,-2.0707936
1621039703948,172.74763,-1.1201562,-2.0257502
1621039703968,172.77086,-1.055494,-1.8963487
1621039703993,172.80878,-0.9983174,-1.6734397
1621039704018,172.84776,-0.92352545,-1.4640201
1621039704045,172.87299,-0.82060736,-1.2791884
1621039704058,172.85458,-0.7026102,-1.0688379
1621039704079,172.82336,-0.5682398,-0.86960036
1621039704101,172.75882,-0.39901417,-0.63520825
1621039704131,172.68776,-0.20714206,-0.26590484
1621039704131,172.63791,0.007333093,0.22642918
1621039704160,172.58452,0.20729381,0.7959099
1621039704177,172.55194,0.3479968,1.4700109
1621039704195,172.57637,0.4282185,2.2328582
1621039704230,172.66301,0.45331806,3.0779798
1621039704231,172.75636,0.43028387,3.9792469
1621039704261,172.85725,0.38616347,4.871496
1621039704285,172.957,0.36561668,5.656435
1621039704306,173.03085,0.37678394,6.332327
1621039704308,173.08037,0.4432039,6.983457
1621039704332,173.13327,0.49637353,7.6351833
1621039704350,173.18457,0.4716045,8.144017
1621039704376,173.24411,0.39014494,8.674354
1621039704394,173.31413,0.315696,9.233126
1621039704417,173.34555,0.30471873,9.791191
1621039704437,173.41263,0.30064607,10.39266
1621039704456,173.55098,0.27976242,11.079745
1621039704471,173.67639,0.24148478,11.827865
1621039704494,173.82004,0.15348697,12.557922
1621039704511,173.9724,0.017000342,13.139007
1621039704529,174.09944,-0.118546605,13.59987
1621039704545,174.17972,-0.24841796,13.990439
1621039704567,174.24402,-0.34058273,14.439715
1621039704586,174.2764,-0.36959332,14.966193
1621039704608,174.2919,-0.37360898,15.474157
1621039704627,174.2983,-0.34705964,16.00138
1621039704646,174.29544,-0.31414482,16.58204
1621039704669,174.28741,-0.29759306,17.232584
1621039704688,174.23701,-0.2619284,17.877356
1621039704708,174.15475,-0.1697089,18.503159
1621039704727,174.03365,-0.051390138,19.088888
1621039704749,173.88727,0.09992818,19.703985
1621039704766,173.7395,0.2808878,20.306969
1621039704786,173.5902,0.47485077,20.812807
1621039704813,173.39822,0.6129971,21.205433
1621039704850,173.13242,0.67294323,21.5219
1621039704856,172.85745,0.74418265,21.912313
1621039704870,172.59186,0.8839398,22.506569
1621039704913,172.30167,1.1019214,23.240034
1621039704914,172.00568,1.3108319,23.84573
1621039704938,171.7219,1.4673916,24.2278
1621039704946,171.40926,1.5195931,24.441576
1621039704967,171.05788,1.5459557,24.518532
1621039704988,170.65427,1.6227938,24.535336
1621039705007,170.24219,1.7840885,24.542341
1621039705030,169.79587,1.9655553,24.594288
1621039705048,169.32141,2.1348615,24.677073
1621039705071,168.86899,2.352393,24.812334
1621039705087,168.43753,2.559353,24.99074
1621039705110,167.96494,2.6946225,25.080557
1621039705126,167.44485,2.7330797,24.96389
1621039705145,166.94164,2.765768,24.765163
1621039705170,166.46748,2.8383393,24.56348
1621039705187,165.96864,2.882913,24.255238
1621039705211,165.3499,2.721237,23.732628
1621039705238,164.65579,2.2914696,22.994715
1621039705246,163.97389,1.8115344,22.127335
1621039705280,163.27975,1.4106046,21.19657
1621039705290,162.57042,1.1225368,20.294344
1621039705313,161.93628,0.96662736,19.488459
1621039705327,161.3209,0.8962043,18.657991
1621039705350,160.66211,0.8389179,17.765932
1621039705364,159.9481,0.682602,16.724634
1621039705385,159.27007,0.3945281,15.558268
1621039705414,158.65852,0.06426804,14.29058
1621039705452,158.09818,-0.17867185,12.884599
1621039705452,157.55345,-0.2773659,11.425313
1621039705484,157.01984,-0.2973504,10.014795
1621039705493,156.4791,-0.34737328,8.797273
1621039705512,156.02216,-0.4925656,7.791628
1621039705529,155.67761,-0.7056923,6.815337
1621039705549,155.39368,-0.906859,5.7981997
1621039705567,155.15321,-1.0175663,4.7536335
1621039705587,154.95827,-1.062636,3.7861383
1621039705608,154.78645,-1.1402278,2.8969128
1621039705630,154.60057,-1.396176,2.1084256
1621039705648,154.49205,-1.7361405,1.3890892
1621039705679,154.48668,-1.9905549,0.7604552
1621039705688,154.54576,-2.0765386,0.20080523
1621039705715,154.65753,-2.0740356,-0.37802663
1621039705725,154.84534,-2.0891402,-0.96849084
1621039705748,155.07834,-2.1589994,-1.5554426
1621039705768,155.33852,-2.2907102,-2.1583679
1621039705787,155.61328,-2.476685,-2.8988202
1621039705807,155.88521,-2.6662853,-3.751292
1621039705832,156.15521,-2.8347664,-4.6338987
1621039705846,156.43195,-2.9921381,-5.468135
1621039705893,156.72252,-3.130528,-6.1877213
1621039705895,157.07166,-3.2222419,-6.79526
1621039705921,157.43117,-3.2799845,-7.395037
1621039705928,157.77995,-3.3086424,-8.087174
1621039705949,158.14711,-3.3124344,-8.790047
1621039705966,158.58246,-3.2996752,-9.454348
1621039705986,159.08623,-3.2979329,-10.148976
1621039706011,159.6441,-3.3284798,-10.909623
1621039706036,160.2151,-3.3752885,-11.683996
1621039706048,160.76917,-3.4308844,-12.46643
1621039706085,161.329,-3.4987326,-13.296072
1621039706091,161.79602,-3.6477911,-14.171252
1621039706114,162.15988,-3.9637752,-15.151272
1621039706129,162.74013,-4.3371267,-16.238216
1621039706148,163.31332,-4.7402916,-17.347294
1621039706166,163.80394,-4.9925885,-18.50733
1621039706188,164.2295,-5.0468583,-19.63908
1621039706211,164.60162,-4.961037,-20.810091
1621039706237,164.8951,-4.847931,-22.005617
1621039706249,165.18018,-4.656291,-23.160816
1621039706284,165.47507,-4.3906727,-24.207129
1621039706292,165.8286,-4.1174235,-25.13292
1621039706317,166.2981,-3.9100246,-25.94734
1621039706327,166.80873,-3.8058562,-26.622454
1621039706348,167.34229,-3.6943269,-27.166008
1621039706367,167.8293,-3.543355,-27.512936
1621039706385,168.41661,-3.3704581,-27.932695
1621039706411,169.03009,-3.2812388,-28.428274
1621039706484,169.5761,-3.2176373,-29.071547
1621039706484,170.1132,-3.1462831,-29.716257
1621039706484,170.65082,-3.0780642,-30.223534
1621039706488,171.169,-2.9928946,-30.604012
1621039706505,171.7583,-2.8587925,-30.957533
1621039706524,172.3586,-2.700938,-31.389385
1621039706549,172.92377,-2.5127082,-31.79477
1621039706625,173.50343,-2.3270214,-31.984499
1621039706626,174.13187,-2.1641145,-31.859676
1621039706626,174.81569,-1.9690765,-31.579794
1621039706626,175.54205,-1.6668613,-31.161072
1621039706669,176.2295,-1.2594297,-30.842102
1621039706669,176.8061,-0.7257646,-30.644505
1621039706685,177.30388,-0.1701948,-30.646288
1621039706704,177.76642,0.3139085,-30.804358
1621039706726,178.25653,0.73295254,-30.747305
1621039706744,178.82217,1.0975971,-30.23622
1621039706765,179.47704,1.3683228,-29.315117
1621039706789,180.16325,1.5228783,-28.109406
1621039706805,180.89294,1.5570309,-26.807714
1621039706824,181.56886,1.5284289,-25.554836
1621039706847,182.14412,1.5283684,-24.424383
1621039706864,182.6801,1.6232343,-23.379045
1621039706884,183.16652,1.7775527,-22.383825
1621039706906,183.62968,1.9528825,-21.370012
1621039706924,184.09608,2.0941396,-20.36913
1621039706945,184.57819,2.1651738,-19.520489
1621039706966,185.0491,2.1940253,-18.789589
1621039706984,185.50363,2.2197797,-18.022974
1621039707004,185.91452,2.2250357,-17.179506
1621039707026,186.27626,2.164609,-16.338282
1621039707044,186.59596,2.106084,-15.553707
1621039707064,186.88603,2.07835,-14.868896
1621039707086,187.12102,2.08025,-14.288389
1621039707104,187.34009,2.0988746,-13.640893
1621039707125,187.57904,2.105295,-12.817097
1621039707146,187.89188,2.0370295,-11.80503
1621039707164,188.2013,1.8515012,-10.699534
1621039707184,188.47098,1.5719551,-9.645318
1621039707207,188.7006,1.2786274,-8.650013
1621039707224,188.91644,1.0114069,-7.597997
1621039707245,189.09648,0.7935517,-6.4921484
1621039707266,189.22108,0.5670741,-5.365376
1621039707284,189.30319,0.2886951,-4.0908093
1621039707304,189.38512,-0.07665303,-2.637081
1621039707326,189.4764,-0.49653015,-1.1167463
1621039707344,189.58037,-0.89587045,0.3534031
1621039707364,189.676,-1.1930165,1.6315569
1621039707386,189.70447,-1.386984,2.821591
1621039707405,189.68286,-1.5008452,3.9676967
1621039707424,189.62143,-1.5396092,5.0562387
1621039707446,189.557,-1.4867295,6.0008082
1621039707464,189.54333,-1.3634977,6.741626
1621039707484,189.52768,-1.21171,7.381429
1621039707506,189.52327,-1.1773957,8.031481
1621039707524,189.52892,-1.3718871,8.788239
1621039707544,189.45749,-1.6659477,9.705665
1621039707566,189.31415,-1.954439,10.668711
1621039707584,189.17923,-2.235822,11.565297
1621039707604,189.02872,-2.5170858,12.49058
1621039707626,188.82054,-2.791322,13.320588
1621039707644,188.57053,-3.0296748,14.05657
1621039707665,188.27394,-3.245887,14.762493
1621039707687,187.94109,-3.431481,15.435954
1621039707704,187.56825,-3.5483723,16.147484
1621039707724,187.2288,-3.7121294,16.871143
1621039707746,186.86565,-3.9233816,17.437244
1621039707764,186.4341,-4.139177,17.898918
1621039707784,185.95802,-4.323591,18.362999
1621039707808,185.43195,-4.4061785,18.78182
1621039707825,184.9079,-4.2307086,19.12515
1621039707845,184.42606,-3.754905,19.334352
1621039707866,183.9913,-3.1267238,19.440746
1621039707884,183.58627,-2.565277,19.554874
1621039707904,183.12561,-2.051752,19.693422
1621039707927,182.63066,-1.5110369,19.708292
1621039707944,182.16252,-0.92586833,19.620369
1621039707964,181.66574,-0.35590678,19.546707
1621039707986,181.11691,0.25133577,19.336878
1621039708005,180.51591,1.0613999,18.907894
1621039708025,179.89568,2.0669456,18.261806
1621039708048,179.28786,3.2013738,17.529757
1621039708066,178.69579,4.272406,16.77347
1621039708084,178.14862,5.124612,16.111654
1621039708107,177.56743,5.808912,15.548264
1621039708124,176.99184,6.467595,14.976674
1621039708145,176.4111,7.136218,14.396094
1621039708166,175.83096,7.824461,13.891461
1621039708184,175.28111,8.512014,13.422487
1621039708205,174.75378,9.186689,12.870823
1621039708226,174.24463,9.856698,12.321734
1621039708245,173.7463,10.510572,11.731058
1621039708264,173.26347,11.1434355,11.132058
1621039708287,172.8343,11.758281,10.543309
1621039708304,172.43251,12.409241,9.943486
1621039708325,172.0322,13.125027,9.377542
1621039708346,171.5863,13.893809,8.79741
1621039708364,171.14427,14.692845,8.255587
1621039708384,170.79129,15.551139,7.7885637
1621039708408,170.54924,16.629612,7.395753
1621039708424,170.34433,17.882446,7.093122
1621039708444,170.12157,19.18496,6.843355
1621039708466,169.87886,20.432032,6.698511
1621039708485,169.58801,21.611073,6.596188
1621039708516,169.21144,22.830088,6.2359705
1621039708531,168.73537,24.201342,5.58999
1621039708546,168.19508,25.64055,4.8163667
1621039708567,167.70694,26.797466,4.0798883
1621039708589,167.29214,27.774214,3.2744758
1621039708612,166.91614,28.674648,2.3475568
1621039708635,166.60446,29.529825,1.3691791
1621039708652,166.39905,30.231487,0.3374673
1621039708686,166.33296,30.760433,-0.6284813
1621039708687,166.44281,31.201591,-1.5125482
1621039708711,166.66843,31.594748,-2.3784106
1621039708725,166.96964,31.947634,-3.3492424
1621039708747,167.33229,32.466026,-4.701621
1621039708768,167.90402,33.084427,-6.0349855
1621039708788,168.8538,33.55515,-6.8264484
1621039708807,170.13603,33.857376,-7.217848
1621039708838,171.5268,34.01561,-7.5884237
1621039708847,172.91823,34.069515,-8.163341
1621039708868,174.24309,34.02257,-8.866471
1621039708889,175.75885,33.753613,-9.076385
1621039708916,177.5167,33.167507,-8.741684
1621039708925,179.36862,32.492348,-8.356977
1621039708963,181.16977,31.912973,-8.356803
1621039708966,182.8843,31.502287,-8.633016
1621039708986,184.5278,31.176374,-8.979273
1621039709013,186.24135,30.894093,-9.060186
1621039709041,188.09988,30.607038,-8.884681
1621039709052,190.12009,30.180485,-8.552442
1621039709073,192.15656,29.56421,-8.400142
1621039709092,194.1316,28.928627,-8.394252
1621039709111,196.1234,28.48329,-8.517562
1621039709126,198.19533,28.237793,-8.667881
1621039709144,200.38895,27.948872,-8.616063
1621039709164,202.58012,27.483295,-8.396291
1621039709198,204.73352,26.995619,-8.205598
1621039709211,206.7353,26.720062,-8.21769
1621039709228,208.68814,26.666485,-8.289187
1621039709246,210.72237,26.629993,-8.223904
1621039709265,212.8564,26.447117,-8.045646
1621039709293,214.97398,26.066721,-8.488682
1621039709315,216.89246,25.645304,-8.9896755
1621039709328,218.78857,25.190224,-9.201921
1621039709344,220.69987,24.638617,-9.25815
1621039709375,222.62083,23.866049,-9.084607
1621039709394,224.41544,22.874805,-8.731221
1621039709424,226.13217,21.738153,-8.195846
1621039709447,227.75749,20.537825,-7.5487866
1621039709447,229.14957,19.44759,-6.964494
1621039709474,230.3466,18.41229,-6.5589437
1621039709503,231.32532,17.320076,-6.3164787
1621039709509,232.16356,16.084322,-5.9957967
1621039709524,232.83586,14.793472,-5.659846
1621039709546,233.2219,13.494264,-5.305673
1621039709564,233.17729,12.15136,-5.023341
1621039709592,232.8755,10.825769,-4.822591
1621039709608,232.56165,9.69797,-4.709126
1621039709626,232.04788,8.719883,-4.7204905
1621039709645,231.229,7.779524,-4.691792
1621039709671,230.34094,6.9215627,-4.56768
1621039709687,229.47931,6.164491,-4.5198445
1621039709713,228.5427,5.444597,-4.5964136
1621039709728,227.38086,4.643915,-4.6875496
1621039709745,226.1232,3.729312,-4.6733932
1621039709766,225.06862,2.8618948,-4.5996647
1621039709790,224.27579,2.1062877,-4.4196997
1621039709812,223.64014,1.4468786,-4.164099
1621039709844,222.90729,0.7684066,-3.8298776
1621039709851,222.08374,0.021855965,-3.4010432
1621039709877,221.26344,-0.78478813,-2.999486
1621039709899,220.4319,-1.5929257,-2.784988
1621039709928,219.54962,-2.3846228,-2.600281
1621039709928,218.52588,-3.2369735,-2.3222542
1621039709947,217.44992,-4.1678467,-1.8191402
1621039709980,216.38745,-5.1868916,-1.2450738
1621039709986,215.32503,-6.262238,-0.7825524
1621039710011,214.21681,-7.323721,-0.296006
1621039710043,212.89412,-8.394639,0.40190828
1621039710050,211.29192,-9.478034,1.2122066
1621039710076,209.55667,-10.445215,1.9086853
1621039710098,207.81186,-11.136744,2.449631
1621039710117,206.06691,-11.521923,2.848559
1621039710129,204.25034,-11.713942,3.1976025
1621039710148,202.33107,-11.822264,3.5953476
1621039710165,200.31961,-11.89513,4.0269847
1621039710189,198.16772,-11.927592,4.3100786
1621039710213,195.94804,-11.91997,4.4615006
1621039710244,193.72665,-11.834655,4.450666
1621039710249,191.46233,-11.66591,4.3718605
1621039710278,189.04585,-11.430187,4.3051124
1621039710289,186.61263,-11.201783,4.241262
1621039710322,184.28278,-11.056521,4.0930877
1621039710330,182.0246,-10.995358,3.8060827
1621039710346,179.71416,-10.959205,3.520441
1621039710366,177.3586,-10.894646,3.289795
1621039710391,174.99858,-10.769296,3.3812108
1621039710414,172.69911,-10.63336,3.6109827
1621039710438,170.47296,-10.51537,3.8498707
1621039710448,168.21516,-10.36499,4.023507
1621039710474,165.88177,-10.191008,4.045984
1621039710494,163.54678,-9.959063,4.060826
1621039710521,161.26811,-9.716185,4.220398
1621039710531,159.07005,-9.488916,4.4597135
1621039710546,156.90602,-9.242228,4.659652
1621039710569,154.7374,-8.922089,4.815916
1621039710589,152.57939,-8.555026,4.938437
1621039710608,150.444,-8.270965,4.9239073
1621039710654,148.3218,-8.161085,4.7125854
1621039710654,146.21689,-8.069869,4.3447704
1621039710681,144.10373,-7.8512793,3.9293191
1621039710690,141.86194,-7.336009,3.4164908
1621039710721,139.57275,-6.5663595,2.8861582
1621039710729,137.51343,-5.65159,2.4783306
1621039710747,135.77641,-4.671206,2.1756833
1621039710765,134.42696,-3.589994,1.9159842
1621039710786,133.42542,-2.3039916,1.6972432
1621039710810,132.68707,-0.78979605,1.5323935
1621039710837,132.09726,0.7555584,1.4487513
1621039710845,131.62425,2.1196876,1.4371192
1621039710876,131.24486,3.1854193,1.4613405
1621039710890,131.02649,4.0224557,1.4640725
1621039710934,130.98586,4.6970577,1.4315684
1621039710934,131.07246,5.2132816,1.3767133
1621039710951,131.24529,5.664127,1.2237601
1621039710966,131.4736,6.2499075,0.87722737
1621039710987,131.72096,7.025873,0.42092553
1621039711012,132.03737,7.9017835,0.015186189
1621039711048,132.56807,8.6362,-0.18369181
1621039711053,133.3576,9.064922,-0.18858485
1621039711067,134.37242,9.298338,-0.19768582
1621039711094,135.47682,9.711151,-0.34094214
1621039711124,136.60104,10.343617,-0.63821894
1621039711131,137.81128,11.037998,-0.9460927
1621039711145,139.12494,11.596652,-1.1444818
1621039711168,140.60866,11.9007435,-1.2270589
1621039711187,142.16312,11.955748,-1.3133597
1621039711212,143.61134,11.901298,-1.4950839
1621039711246,145.06877,11.93126,-1.8166013
1621039711246,146.64055,12.143324,-2.1719265
1621039711274,148.2075,12.547349,-2.4209783
1621039711292,149.70882,13.210054,-2.6313267
1621039711326,151.1764,14.0129175,-2.8290846
1621039711326,152.63911,14.823821,-3.0934532
1621039711347,154.02322,15.690224,-3.3127675
1621039711366,155.18497,16.593237,-3.5569103
1621039711386,156.33336,17.445993,-3.751527
1621039711413,157.52899,18.278444,-3.8319142
1621039711449,158.73315,19.136625,-3.8065464
1621039711450,159.91925,20.073322,-3.6603959
1621039711490,161.06862,21.044981,-3.518521
1621039711493,162.14337,22.021505,-3.368942
1621039711527,163.17859,22.917294,-3.2010663
1621039711532,164.20805,23.823645,-2.8986843
1621039711546,165.14386,24.70646,-2.359625
1621039711565,166.02063,25.543343,-1.7253488
1621039711587,166.83824,26.428078,-1.224456
1621039711611,167.50856,27.33925,-0.90943456
1621039711640,168.14633,28.199686,-0.6882792
1621039711648,168.79742,29.15466,-0.6314156
1621039711673,169.39658,30.29722,-0.6269636
1621039711688,169.95796,31.557083,-0.65679294
1621039711714,170.52808,32.726925,-0.6146794
1621039711730,171.15352,33.844532,-0.5897604
1621039711747,171.77637,35.035343,-0.73625183
1621039711772,172.33199,36.23398,-0.9057308
1621039711786,172.8181,37.484333,-0.8434554
1621039711815,173.28603,38.479954,-0.59668493
1621039711846,173.7054,39.07387,-0.46154466
1621039711847,174.0667,39.50943,-0.5377907
1621039711873,174.39621,39.948128,-0.8079104
1621039711891,174.69798,40.106827,-0.9759539
1621039711911,174.96918,39.910973,-0.9300614
1621039711929,175.21999,39.405033,-0.78742594
1621039711948,175.47536,38.39919,-0.4485867
1621039711966,175.71558,36.865524,-0.24216078
1621039711989,175.88371,34.893864,-0.2234392
1621039712014,176.08107,32.637165,-0.2546647
1621039712046,176.41466,30.253656,-0.21306844
1621039712053,176.74718,27.849108,-0.15073243
1621039712088,177.12897,25.662361,-0.22049206
1621039712096,177.3221,23.60588,-0.7174493
1621039712109,177.36372,21.550846,-1.3351239
1621039712147,177.29326,19.456656,-1.907608
1621039712147,177.30197,17.482529,-2.2512517
1621039712168,177.40211,15.700158,-2.3775542
1621039712188,177.51636,14.026214,-2.5456114
1621039712214,177.5889,12.333659,-2.897897
1621039712244,177.62271,10.479237,-3.1651037
1621039712254,177.63391,8.449838,-3.172902
1621039712280,177.71223,6.395517,-3.0720053
1621039712291,177.86166,4.418298,-2.917767
1621039712329,178.09363,2.4751382,-2.736484
1621039712329,178.28113,0.42646772,-2.4882536
1621039712346,178.37875,-1.6497183,-2.21878
1621039712367,178.46104,-3.6566613,-1.9181995
1621039712386,178.5099,-5.694005,-1.5819498
1621039712409,178.5827,-7.736523,-1.2326521
1621039712432,178.68135,-9.698947,-0.9302837
1621039712448,178.73235,-11.64272,-0.7797864
1621039712480,178.74902,-13.67751,-0.67381626
1621039712489,178.78824,-15.737629,-0.6760809
1621039712513,178.80386,-17.774265,-0.6780065
1621039712528,178.75443,-19.97544,-0.6812096
1621039712550,178.7556,-22.220142,-0.7853959
1621039712570,178.80994,-24.3377,-0.8927819
1621039712586,178.92558,-26.240396,-0.9540371
1621039712617,179.07764,-28.040392,-0.92486995
1621039712650,179.22668,-29.818321,-0.76915544
1621039712651,179.34233,-31.538239,-0.48841035
1621039712680,179.35283,-33.031963,-0.13422225
1621039712690,179.3168,-34.214306,0.20017314
1621039712711,179.2902,-35.242306,0.59357667
1621039712727,179.22917,-36.376404,1.1743336
1621039712746,179.1052,-37.729103,1.958391
1621039712766,178.9438,-39.073524,2.7429066
1621039712795,178.78769,-40.03194,3.3382826
1621039712811,178.67809,-40.339798,3.5882826
1621039712834,178.59348,-40.12725,3.6787677
1621039712849,178.50961,-39.916298,3.7642574
1621039712894,178.44095,-39.81411,3.8335834
1621039712896,178.50586,-39.51761,3.758112
1621039712924,178.61833,-38.731075,3.6200738
1621039712934,178.66267,-37.65755,3.4893389
1621039712948,178.69426,-36.469063,3.2541406
1621039712970,178.72002,-35.235313,2.9176307
1621039712992,178.78241,-33.756607,2.5266018
1621039713006,178.883,-32.027435,2.1698306
1621039713027,179.02711,-30.230927,1.8255715
1621039713048,179.20935,-28.340502,1.2665973
1621039713069,179.34146,-26.310287,0.6236947
1621039713087,179.45517,-24.18162,0.11615664
1621039713152,179.54886,-21.942759,-0.42434356
1621039713152,179.62091,-19.587036,-0.88368475
1621039713152,179.69435,-17.27788,-1.2934262
1621039713168,179.77422,-15.095973,-1.653862
1621039713185,179.88596,-13.17335,-1.9930085
1621039713207,180.03685,-11.559655,-2.4101841
1621039713226,180.1649,-10.216556,-2.9548144
1621039713245,180.26753,-9.044063,-3.6170232
1621039713267,180.37244,-7.9448695,-4.366139
1621039713285,180.48662,-6.9160795,-5.151139
1621039713306,180.56506,-5.9696884,-6.00992
1621039713327,180.59508,-5.0494094,-7.0370717
1621039713345,180.59283,-4.1154532,-8.093466
1621039713365,180.61081,-3.231626,-9.234049
1621039713387,180.6287,-2.3340988,-10.440725
1621039713406,180.62935,-1.3805795,-11.607294
1621039713426,180.64919,-0.35245705,-12.864073
1621039713447,180.63269,0.6715227,-14.157311
1621039713465,180.61996,1.6025076,-15.449361
1621039713485,180.6361,2.5293224,-16.66395
1621039713508,180.6251,3.5352268,-17.81981
1621039713525,180.60771,4.641728,-18.992638
1621039713545,180.54681,5.7390084,-20.220459
1621039713567,180.44814,6.711541,-21.632105
1621039713586,180.33449,7.522955,-23.152504
1621039713605,180.2175,8.200691,-24.692139
1621039713627,180.09059,8.773388,-26.192114
1621039713645,179.90543,9.281235,-27.558641
1621039713666,179.76248,9.7708435,-28.825834
1621039713687,179.62015,10.246909,-30.105108
1621039713705,179.43172,10.722351,-31.4892
1621039713725,179.20494,11.156116,-32.901314
1621039713747,178.99568,11.59744,-34.25806
1621039713766,178.74663,12.128113,-35.62161
1621039713785,178.44554,12.672904,-37.155544
1621039713809,178.15569,13.130595,-38.64239
1621039713825,177.98036,13.426994,-39.881424
1621039713852,177.93678,13.662901,-41.051987
1621039713872,178.11432,13.876898,-42.010326
1621039713885,178.49928,14.043467,-42.618202
1621039713962,178.91203,14.151854,-42.986103
1621039713962,179.24847,14.235888,-43.31603
1621039713962,179.51398,14.286176,-43.524185
1621039713966,179.76541,14.2483425,-43.465363
1621039713998,180.05966,14.210125,-43.11682
1621039714006,180.3902,14.193511,-42.552353
1621039714025,180.82303,14.151094,-41.66951
1621039714047,181.33534,14.044507,-40.479576
1621039714065,181.85495,13.907554,-39.07778
1621039714085,182.40073,13.719514,-37.54426
1621039714107,182.96587,13.459907,-35.83748
1621039714125,183.4914,13.158329,-33.987885
1621039714145,183.99492,12.764148,-31.954927
1621039714168,184.51053,12.215773,-29.768534
1621039714186,184.98647,11.542338,-27.63672
1621039714205,185.38432,10.852514,-25.621529
1621039714228,185.67972,10.226279,-23.690485
1621039714245,185.8638,9.711447,-21.77043
1621039714266,185.94469,9.349209,-19.915668
1621039714287,186.0316,8.985973,-17.99813
1621039714305,186.09395,8.55341,-15.986389
1621039714325,186.05984,8.051311,-14.022957
1621039714347,185.95694,7.4805093,-12.247764
1621039714365,185.83823,6.8566475,-10.672576
1621039714385,185.70105,6.184238,-9.249237
1621039714407,185.51077,5.534637,-7.702489
1621039714425,185.3622,4.9603634,-6.0097084
1621039714445,185.24815,4.4157085,-4.2958736
1621039714467,185.01698,3.8350248,-2.7123985
1621039714485,184.68767,3.1715252,-1.3849994
1621039714505,184.36263,2.455828,-0.18654428
1621039714529,184.02705,1.7050922,1.2455966
1621039714546,183.73094,0.99734944,2.9258075
1621039714565,183.33998,0.3992337,4.512108
1621039714587,182.90253,-0.101693094,5.8437138
1621039714606,182.4593,-0.53280056,6.9880066
1621039714625,182.05261,-0.8999499,8.122429
1621039714647,181.63333,-1.2889593,9.46304
1621039714665,181.157,-1.7057519,10.92183
1621039714685,180.55806,-2.1265326,12.250212
1621039714708,179.80058,-2.5154035,13.234462
1621039714726,178.95503,-2.7671008,13.852176
1621039714746,177.92854,-2.8723383,14.143535
1621039714768,176.7323,-2.8279767,13.991764
1621039714785,175.34334,-2.680204,13.399092
1621039714806,173.7138,-2.4968486,12.422098
1621039714827,171.88403,-2.2818756,11.249341
1621039714845,169.8927,-2.0317636,10.171795
1621039714865,167.77267,-1.8112495,9.220464
1621039714888,165.48172,-1.6501676,8.219901
1621039714905,163.03806,-1.5647413,7.0871344
1621039714925,160.4496,-1.5099312,5.9157457
1621039714947,157.8138,-1.4497818,4.782946
1621039714965,155.17792,-1.3737198,3.8035176
1621039714985,152.57841,-1.2620821,2.9655507
1621039715008,149.92827,-1.1664761,2.2437937
1621039715025,147.28543,-1.1792401,1.6215563
1621039715045,144.76573,-1.3171909,1.1299776
1621039715067,142.3893,-1.5047531,0.8629188
1621039715085,140.1227,-1.6863208,0.8744803
1621039715105,137.92432,-1.8457013,1.0043974
1621039715127,135.78127,-1.969039,1.1550083
1621039715145,133.74713,-2.012279,1.238575
1621039715165,131.71255,-1.993287,1.1515028
1621039715187,129.64366,-1.9284813,0.97629356
1621039715205,127.54321,-1.8773633,0.6785516
1621039715225,125.44047,-1.8252786,0.25471032
1621039715247,123.444405,-1.697685,-0.23406816
1621039715266,121.519,-1.5204612,-0.86880416
1621039715286,119.59965,-1.3849174,-1.4399394
1621039715307,117.60347,-1.3098054,-1.8320471
1621039715326,115.550125,-1.2931918,-2.0677712
1621039715345,113.61263,-1.258225,-2.2887702
1621039715367,111.82467,-1.1858294,-2.4565265
1621039715386,110.254105,-1.0927182,-2.612854
1621039715406,108.91995,-1.039253,-2.6098065
1621039715427,107.99493,-1.0633452,-2.427365
1621039715445,107.52502,-1.2066875,-2.05775
1621039715466,107.5166,-1.5182002,-1.5594162
1621039715487,108.00638,-1.9427645,-1.0581211
1621039715505,108.92329,-2.286225,-0.661644
1621039715525,110.13989,-2.465704,-0.37645146
1621039715547,111.63281,-2.5536563,-0.18267168
1621039715565,113.38118,-2.6945457,-0.035804704
1621039715585,115.4644,-2.940605,0.10840387
1621039715608,117.87094,-3.2083917,0.30370927
1621039715625,120.65867,-3.4637098,0.51433676
1621039715646,123.67712,-3.6521811,0.60238874
1621039715667,126.69013,-3.7378197,0.56824285
1621039715686,129.67719,-3.7363598,0.45772716
1621039715705,132.69673,-3.7321713,0.24428156
1621039715727,135.9166,-3.8493943,-0.033375353
1621039715745,139.22247,-3.9984982,-0.34875658
1621039715766,142.46855,-4.069036,-0.75125045
1621039715789,145.61664,-4.019047,-1.1011468
1621039715806,148.7448,-3.980954,-1.3434179
1621039715842,151.83896,-4.0406747,-1.45324
1621039715850,154.8146,-4.1546707,-1.4834982
1621039715889,157.7159,-4.2626386,-1.4278799
1621039715891,160.59938,-4.334186,-1.1633828
1621039715923,163.38301,-4.439173,-0.8799579
1621039715930,166.13057,-4.544605,-0.6194571
1621039715948,168.92914,-4.574788,-0.45363486
1621039715969,171.83899,-4.465973,-0.34519783
1621039715988,174.95155,-4.3187933,-0.09659426
1621039716011,178.30518,-4.212249,0.3616532
1621039716038,181.56982,-4.120171,0.682512
1621039716048,184.64604,-4.00669,0.8323451
1621039716086,187.57901,-3.9038424,0.94249517
1621039716093,190.52112,-3.9171536,1.1708789
1621039716135,193.65025,-4.062889,1.5847921
1621039716135,196.88289,-4.20747,2.117045
1621039716153,199.84251,-4.225664,2.5176437
1621039716169,202.54448,-4.2024426,2.7278879
1621039716187,205.1778,-4.190669,2.9102318
1621039716212,207.70923,-4.1555347,3.120256
1621039716237,210.1268,-4.1380153,3.3268318
1621039716250,212.40169,-4.22358,3.4381986
1621039716276,214.43556,-4.4895444,3.4295702
1621039716289,216.14977,-4.8534284,3.3372297
1621039716321,217.73087,-5.0457535,3.286322
1621039716329,219.24234,-4.9066434,3.2803771
1621039716347,220.60558,-4.620134,3.2706237
1621039716369,221.83095,-4.3658905,3.1831224
1621039716388,222.77483,-4.149823,3.0215576
1621039716408,223.59735,-3.8789105,2.7918496
1621039716429,224.3096,-3.5354934,2.6135745
1621039716448,224.82596,-3.281272,2.4712973
1621039716468,224.99283,-3.3655276,2.2828166
1621039716486,224.88007,-3.6729398,2.0133328
1621039716512,224.6299,-3.9904,1.714081
1621039716525,224.16428,-4.197409,1.4233531
1621039716546,223.34872,-4.3757696,1.1264071
1621039716568,222.27446,-4.7232833,0.8254711
1621039716585,221.10315,-5.292385,0.49234676
1621039716609,219.94562,-6.0648513,0.11200902
1621039716628,218.82234,-6.8584585,-0.074055016
1621039716646,217.75273,-7.5969086,-0.08868878
1621039716666,216.64452,-8.251374,-0.15487331
1621039716689,215.38731,-8.744108,-0.27328122
1621039716710,214.09448,-9.008314,-0.32636654
1621039716725,212.82602,-9.085328,-0.29795298
1621039716748,211.37086,-9.199158,-0.1644754
1621039716769,209.61398,-9.700697,-0.03614415
1621039716786,207.7386,-10.693759,0.10586105
1621039716811,205.88107,-12.164099,0.24274613
1621039716838,204.12177,-13.883463,0.41490433
1621039716849,202.41127,-15.620148,0.6912523
1621039716872,200.8028,-17.30971,0.96566623
1621039716890,199.24915,-18.961636,1.1004007
1621039716913,197.7913,-20.514738,0.96357685
1621039716929,196.53624,-21.763435,0.74556977
1621039716948,195.47272,-22.532516,0.6862373
1621039716966,194.47546,-22.807524,0.76012576
1621039716988,193.52315,-22.733288,0.8853945
1621039717010,192.61363,-22.514898,1.0275487
1621039717038,191.73831,-22.566101,1.0747659
1621039717060,190.84413,-23.17573,0.8891806
1621039717067,189.91534,-24.044205,0.7498845
1621039717094,189.01459,-24.750597,0.95946306
1621039717133,188.172,-25.360909,1.3132328
1621039717134,187.37625,-26.048746,1.466587
1621039717153,186.52203,-26.782703,1.4225451
1621039717171,185.56767,-27.612444,1.2931457
1621039717190,184.61826,-28.638535,1.2344898
1621039717206,183.80812,-29.64337,1.367198
1621039717228,183.06491,-30.517252,1.6511486
1621039717245,182.38432,-31.21129,1.938899
1621039717279,181.72954,-31.82151,2.1396244
1621039717340,181.1309,-32.61479,2.1326315
1621039717340,180.59761,-33.58571,2.1503882
1621039717340,180.17496,-34.47639,2.3612618
1621039717374,179.81874,-34.88659,2.6234314
1621039717374,179.47928,-34.963043,2.7556877
1621039717392,179.21605,-35.033657,2.7515543
1621039717408,179.04114,-35.136684,2.7067108
1621039717425,178.92735,-34.99163,2.7691953
1621039717445,178.84506,-34.427944,2.9444804
1621039717467,178.82724,-33.426853,3.1037652
1621039717485,178.8907,-31.931572,3.2057621
1621039717506,179.0011,-30.096308,3.2191918
1621039717527,179.16032,-28.282467,3.057684
1621039717545,179.36424,-26.776741,2.6167197
1621039717565,179.56927,-25.572243,2.1564734
1621039717588,179.69438,-24.582813,1.7780676
1621039717605,179.77762,-23.62324,1.6063129
1621039717625,179.894,-22.526245,1.603272
1621039717647,180.10054,-21.221882,1.5210868
1621039717666,180.33353,-19.792253,1.1537247
1621039717685,180.57275,-18.259552,0.6354848
1621039717708,180.79831,-16.584581,0.04456353
1621039717725,181.0135,-14.859558,-0.4147594
1621039717745,181.22414,-13.171358,-0.6747904
1621039717767,181.4129,-11.570302,-0.7984922
1621039717786,181.51285,-10.154527,-0.79936075
1621039717806,181.56032,-8.872917,-0.71898997
1621039717827,181.61844,-7.6920567,-0.58609945
1621039717845,181.66296,-6.5610247,-0.46680737
1621039717865,181.66762,-5.461965,-0.39163557
1621039717888,181.65758,-4.326107,-0.2903784
1621039717906,181.64436,-3.1178133,-0.096573785
1621039717925,181.64221,-1.9683315,0.17042388
1621039717947,181.60368,-1.0203978,0.36541292
1621039717965,181.4887,-0.22628793,0.4194816
1621039717986,181.29741,0.5756682,0.31078213
1621039718008,181.01509,1.4818037,0.1903078
1621039718025,180.6851,2.4157844,0.2355459
1621039718045,180.33192,3.101515,0.30394047
1621039718067,179.9911,3.3288102,0.274649
1621039718085,179.69121,3.3052528,0.28032732
1621039718105,179.5033,3.0854354,0.41833672
1621039718127,179.40918,2.595209,0.6208262
1621039718145,179.37468,1.8144628,0.7959108
1621039718165,179.41498,0.94959617,1.038113
1621039718187,179.4065,0.21695131,1.3959172
1621039718206,179.32047,-0.34024316,1.8213899
1621039718226,179.25565,-0.7347625,2.0857265
1621039718247,179.20702,-1.0183423,2.122088
1621039718266,179.171,-1.1851151,1.9950475
1621039718285,179.14658,-1.2764208,1.8324394
1621039718307,179.12228,-1.3830872,1.7557244
1621039718325,179.09982,-1.523465,1.7747803
1621039718345,179.10464,-1.6526084,1.8494548
1621039718367,179.13521,-1.7368777,1.8978074
1621039718385,179.18164,-1.764289,1.8897347
1621039718406,179.21773,-1.7398145,1.901725
1621039718427,179.245,-1.7175733,1.9191519
1621039718446,179.27269,-1.7008531,1.9736434
1621039718466,179.31021,-1.6873363,2.024005
1621039718488,179.35536,-1.6668538,1.9944437
1621039718507,179.37582,-1.5967717,2.0056663
1621039718525,179.41289,-1.3964534,2.0827022
