1620679773640,-0.74701375,-0.66321415,10.834093
1620679773661,-0.11492519,0.04070267,9.335278
1620679773678,-0.17478207,-0.038308397,9.239507
1620679773700,-0.45491222,0.0,9.653716
1620679773720,-0.08619389,-0.18914771,9.385557
1620679773742,-0.13886794,-0.27294734,9.7135725
1620679773760,-0.15562786,-0.17957062,9.98652
1620679773783,-0.36871833,-0.17478207,10.178062
1620679773800,-0.4189981,0.043096945,10.247497
1620679773822,-0.17717634,0.0047885496,10.33369
1620679773859,-0.21069619,-0.09337672,9.5483675
1620679773860,-0.38547826,-0.0071828244,9.584282
1620679773883,-0.46927786,-0.16041641,9.70639
1620679773913,-0.3328042,-0.2681588,9.862018
1620679773919,-0.30886146,-0.23942748,9.701602
1620679773940,-0.43815228,-0.22266756,9.63935
1620679773962,-0.34956414,-0.2944958,9.850046
1620679773979,-0.34716985,-0.3232271,10.206794
1620679773999,-0.3902668,-0.21548474,10.23313
1620679774022,-0.4189981,-0.21548474,9.890749
1620679774054,-0.3423813,-0.25139886,9.60583
1620679774070,-0.36392978,-0.31843856,9.490906
1620679774088,-0.43336374,-0.23942748,9.890749
1620679774108,-0.41181526,-0.27055305,10.077502
1620679774121,-0.30167863,-0.28013015,10.216371
1620679774150,-0.27055305,-0.2944958,10.060742
1620679774165,-0.2561874,-0.409421,9.636956
1620679774182,-0.3615355,-0.34956414,9.603436
1620679774200,-0.3519584,-0.32562137,10.029617
1620679774220,-0.23942748,-0.339987,10.151725
1620679774242,-0.21548474,-0.3998439,10.106234
1620679774274,-0.43096948,-0.2561874,10.029617
1620679774287,-0.38547826,-0.3615355,9.732727
1620679774300,-0.3998439,-0.3423813,9.864412
1620679774321,-0.38068968,-0.36871833,10.101445
1620679774340,-0.2681588,-0.4285752,10.0200405
1620679774362,-0.2777359,-0.38068968,9.696813
1620679774382,-0.24900457,-0.36392978,9.646533
1620679774400,-0.28970724,-0.29928434,9.80695
1620679774422,-0.25379312,-0.39505535,9.833286
1620679774450,-0.3304099,-0.37350687,9.852441
1620679774462,-0.36392978,-0.3998439,9.749487
1620679774482,-0.2466103,-0.4740664,9.63935
1620679774502,-0.1340794,-0.5698374,9.366403
1620679774519,-0.30167863,-0.5243462,9.364009
1620679774540,-0.43575802,-0.6488485,9.586677
1620679774562,-0.42139238,-0.67757976,10.199611
1620679774581,-0.48124924,-0.7709565,10.178062
1620679774600,-0.57462597,-0.9601042,10.094262
1620679774622,-0.6105401,-1.0391153,9.883567
1620679774650,-0.66321415,-1.2186859,9.718362
1620679774662,-0.51716334,-1.2474172,10.108628
1620679774682,-0.52913475,-1.3120626,10.180456
1620679774701,-0.47167215,-1.2857256,10.051166
1620679774719,-0.6201172,-1.359948,9.629773
1620679774744,-0.68236834,-1.4820561,9.495694
1620679774761,-0.5794145,-1.5993756,9.696813
1620679774780,-0.49800915,-1.637684,9.783007
1620679774802,-0.42139238,-1.5993756,9.60583
1620679774821,-0.47167215,-1.7166951,9.675264
1620679774854,-0.5027977,-1.7669748,9.720756
1620679774865,-0.4644893,-1.8699286,9.495694
1620679774883,-0.38547826,-1.9202085,9.349643
1620679774903,-0.3519584,-1.9656997,9.364009
1620679774922,-0.39505535,-1.9489397,9.531608
1620679774944,-0.45491222,-2.1189332,9.3592205
1620679774960,-0.3615355,-2.2147043,8.767835
1620679774987,-0.31365,-2.3559663,9.122187
1620679775000,-0.30886146,-2.430189,9.557945
1620679775021,-0.35435268,-2.6648278,9.715967
1620679775051,-0.36632404,-2.7175019,9.749487
1620679775063,-0.30646718,-2.8348215,9.507666
1620679775080,-0.2083019,-2.9138324,9.344854
1620679775103,-0.05985687,-2.997632,9.45978
1620679775120,-0.16281068,-3.0167863,9.452597
1620679775140,-0.32562137,-3.1508656,9.555551
1620679775172,-0.32562137,-3.4333901,9.273026
1620679775181,-0.1699935,-3.7063375,9.14613
1620679775199,-0.15562786,-3.5746522,9.366403
1620679775225,-0.28970724,-3.8284454,9.148524
1620679775255,-0.2657645,-4.0151987,8.865999
1620679775263,-0.13647367,-4.1804037,8.954588
1620679775282,-0.1699935,-4.3025117,9.3280945
1620679775301,-0.29928434,-4.2977233,9.208381
1620679775320,-0.17478207,-4.4677167,8.74868
1620679775344,-0.0670397,-4.685596,8.703189
1620679775364,-0.14126222,-4.73827,8.770228
1620679775380,-0.090982445,-4.7622128,8.688824
1620679775403,-0.24182175,-5.0854397,8.169266
1620679775423,-0.06464542,-5.2290964,8.509253
1620679775455,-0.09337672,-5.276982,9.004868
1620679775463,-0.22985038,-5.2745876,8.91149
1620679775490,-0.08858817,-5.4254265,8.46855
1620679775500,-0.052674048,-5.4733124,8.023215
1620679775523,-0.105348095,-5.540352,8.013638
1620679775540,-0.14605077,-5.731894,8.176449
1620679775564,-0.10774237,-5.870762,8.717555
1620679775582,-0.07901107,-5.856396,8.61939
1620679775600,0.0670397,-5.9904757,7.5898514
1620679775622,0.12929083,-6.124555,7.518023
1620679775658,-0.18435916,-6.019207,7.927444
1620679775665,-0.18196489,-6.1556807,7.6544967
1620679775681,-0.12689656,-6.143709,7.6113997
1620679775701,-0.07422252,-6.22272,7.515629
1620679775720,-0.15562786,-6.138921,7.2546525
1620679775740,-0.0023942748,-6.387925,7.5467544
1620679775762,-0.1699935,-6.507639,7.6090055
1620679775780,-0.2083019,-6.5028505,7.5084457
1620679775800,-0.15802214,-6.533976,7.4198575
1620679775823,-0.16520496,-6.6201696,7.307327
1620679775850,-0.15083931,-6.6225643,6.938608
1620679775860,-0.34956414,-6.873963,7.0966306
1620679775881,-0.4070267,-6.8907228,7.26423
1620679775901,-0.34477556,-6.996071,7.240287
1620679775921,-0.3519584,-6.718335,7.127756
1620679775944,-0.2944958,-6.7303066,6.9505796
1620679775963,-0.18675344,-6.804529,6.9003
1620679775980,-0.39505535,-6.8500204,6.8021345
1620679776002,-0.45491222,-6.8883286,7.3839436
1620679776022,-0.3328042,-6.919454,7.4653487
1620679776057,-0.30646718,-6.859597,6.838049
1620679776072,-0.31843856,-6.818895,6.9912825
1620679776086,-0.4189981,-6.926637,7.103813
1620679776100,-0.45730647,-6.864386,7.0774765
1620679776123,-0.2777359,-6.8332605,6.9098773
1620679776140,-0.22985038,-6.8500204,7.003254
1620679776163,-0.2681588,-6.818895,6.864386
1620679776181,-0.3423813,-6.830866,7.0008597
1620679776200,-0.3328042,-6.9122715,7.0343795
1620679776220,-0.2561874,-6.8859344,7.046351
1620679776251,-0.31843856,-6.7877693,6.976917
1620679776262,-0.24182175,-6.8260775,6.9457912
1620679776279,-0.17717634,-7.0128307,6.7470665
1620679776301,-0.21787901,-6.986494,7.1564875
1620679776320,-0.18196489,-6.998465,7.185219
1620679776340,-0.117319465,-7.14691,7.312115
1620679776363,-0.10774237,-7.041562,6.941003
1620679776383,-0.023942748,-6.9721284,6.9122715
1620679776400,-0.06943397,-6.996071,6.742278
1620679776424,-0.13647367,-6.9745226,6.859597
1620679776472,-0.11492519,-6.969734,6.924243
1620679776474,-0.1699935,-7.0008597,7.0176196
1620679776480,-0.15802214,-7.020014,6.818895
1620679776499,-0.16520496,-7.0080423,6.8021345
1620679776576,-0.12929083,-7.041562,6.919454
1620679776576,-0.13168511,-7.0176196,6.9122715
1620679776577,-0.117319465,-7.1157846,7.1301503
1620679776582,-0.021548472,-7.2187386,7.103813
1620679776601,-0.09337672,-7.084659,6.8236833
1620679776619,-0.105348095,-6.969734,6.8524146
1620679776654,-0.11013664,-6.960157,6.8021345
1620679776663,-0.14365649,-6.969734,6.8332605
1620679776680,-0.18196489,-7.020014,7.0559278
1620679776700,-0.25379312,-7.1229677,6.838049
1620679776723,-0.24182175,-7.1109962,6.9912825
1620679776739,-0.23942748,-7.0295906,6.9098773
1620679776759,-0.17717634,-7.0439563,6.7853746
1620679776782,-0.15562786,-7.127756,7.1325445
1620679776798,-0.1987248,-7.046351,6.981705
1620679776820,-0.19393626,-7.0559278,6.6632667
1620679776850,-0.20351335,-6.9745226,6.682421
1620679776859,-0.17717634,-6.936214,7.0008597
1620679776880,-0.19154198,-6.9888883,6.960157
1620679776902,-0.22027329,-7.0008597,6.814106
1620679776919,-0.2777359,-6.8691745,7.0798707
1620679776942,-0.18196489,-6.952974,6.7638264
1620679776964,-0.16281068,-7.024802,6.854809
1620679776983,-0.17717634,-7.142122,6.7398834
1620679777001,-0.22985038,-7.063111,6.9745226
1620679777025,-0.09337672,-7.1157846,7.0702934
1620679777058,-0.15562786,-6.969734,6.893117
1620679777074,-0.076616794,-6.924243,6.7877693
1620679777086,-0.14365649,-6.9577627,6.919454
1620679777103,-0.16759923,-6.9936767,7.0152254
1620679777123,-0.16041641,-7.0176196,7.0104365
1620679777142,-0.15323359,-7.0152254,7.0559278
1620679777162,-0.102953814,-6.9888883,7.020014
1620679777184,-0.12929083,-6.8524146,7.0008597
1620679777203,-0.04070267,-6.8787518,6.902694
1620679777220,-0.11013664,-6.857203,6.821289
1620679777254,-0.098165266,-6.893117,7.0319853
1620679777273,-0.045491222,-6.9074826,7.2211328
1620679777284,-0.07422252,-6.88354,6.960157
1620679777309,-0.090982445,-6.857203,6.8021345
1620679777324,-0.11013664,-6.9074826,6.9290314
1620679777342,-0.09577099,-6.857203,7.190007
1620679777359,-0.047885496,-6.893117,7.1397276
1620679777395,-0.07422252,-6.8165,7.1229677
1620679777417,-0.021548472,-6.814106,7.185219
1620679777428,-0.057462595,-6.689604,7.187613
1620679777466,0.0071828244,-6.775798,7.1660647
1620679777466,0.0023942748,-6.8236833,7.412675
1620679777484,-0.035914123,-6.794952,7.6305537
1620679777502,-0.0670397,-6.593833,7.3049326
1620679777520,-0.23224466,-6.431022,7.1133904
1620679777539,-0.2083019,-6.3759537,7.039168
1620679777565,-0.21787901,-6.3807425,6.9290314
1620679777582,-0.071828246,-6.32328,7.4414062
1620679777600,-0.27055305,-6.220326,7.4653487
1620679777628,-0.2777359,-6.366377,7.5754857
1620679777665,-0.21787901,-6.4597535,7.7694216
1620679777671,-0.21069619,-6.344828,7.9513865
1620679777683,-0.14365649,-6.265817,7.905895
1620679777707,-0.06943397,-6.308914,7.982512
1620679777719,0.023942748,-6.2059603,8.0687065
1620679777741,-0.11253092,-6.2107487,8.004061
1620679777760,-0.19154198,-6.0694866,7.721536
1620679777783,-0.16281068,-6.1125836,7.6880164
1620679777803,-0.27294734,-5.8611846,7.9154725
1620679777821,-0.22506183,-5.8779445,8.322499
1620679777852,-0.23463893,-5.89231,8.308133
1620679777862,-0.2370332,-5.6385174,8.126168
1620679777886,-0.3304099,-5.4158497,8.207574
1620679777900,-0.2944958,-5.377541,8.348836
1620679777923,-0.53392327,-5.03516,8.7534685
1620679777940,-0.49082634,-5.106988,8.135746
1620679777960,-0.59378016,-4.9106574,8.284191
1620679777983,-0.46209505,-4.731087,8.2578535
1620679777999,-0.56744313,-4.4677167,8.743892
1620679778021,-0.7996878,-4.106181,9.043176
1620679778064,-0.70870537,-4.0367475,9.182044
1620679778066,-0.56265455,-3.6823947,9.634562
1620679778083,-0.4932206,-3.7614057,9.277815
1620679778104,-0.5602603,-3.5890179,9.287392
1620679778120,-0.7134939,-3.3615618,9.026416
1620679778140,-0.73743665,-3.2633965,9.768641
1620679778162,-0.5985687,-2.935381,10.094262
1620679778183,-0.6464542,-2.6887705,9.984126
1620679778200,-0.9074302,-2.3056867,9.584282
1620679778223,-0.7901107,-1.9656997,9.502876
1620679778265,-0.5506832,-1.9106313,9.294575
1620679778266,-0.44294083,-1.4581133,9.225141
1620679778283,-0.51955765,-1.2953026,9.72315
1620679778301,-0.22506183,-1.1492519,9.842864
1620679778319,-0.05985687,-0.93616146,10.338479
1620679778342,0.14126222,-0.6201172,10.326508
1620679778360,0.12689656,-0.31843856,10.051166
1620679778380,0.016759925,-0.06464542,9.636956
1620679778402,0.14365649,0.03351985,9.596253
1620679778422,0.21069619,0.0670397,9.845258
1620679778472,0.16520496,0.2561874,10.206794
1620679778474,-0.031125572,0.52674043,9.96976
1620679778481,0.0071828244,0.7015225,10.0439825
1620679778502,-0.05506832,0.9696813,10.271439
1620679778520,-0.011971374,1.0032011,10.046377
1620679778539,-0.1987248,1.0702409,9.838076
1620679778561,-0.31365,1.5323359,10.221159
1620679778584,-0.3232271,1.8004947,10.113417
1620679778601,-0.24182175,2.013585,9.787795
1620679778622,-0.41181526,2.3272352,9.593859
1620679778661,-0.54828894,2.7246847,9.486116
1620679778669,-0.5794145,2.7773588,9.435837
1620679778679,-0.4285752,2.6097596,9.907509
1620679778702,-0.17238778,2.6696165,9.512454
1620679778718,-0.16281068,3.15326,8.813326
1620679778740,-0.38308397,3.3256476,8.458973
1620679778761,-0.38547826,3.5147953,8.466156
1620679778780,-0.35914123,3.5890179,8.856422
1620679778799,-0.4668836,3.9361877,9.332883
1620679778822,-0.7134939,4.225895,9.301758
1620679778854,-0.531529,4.199558,8.796566
1620679778860,-0.21548474,4.3216662,8.509253
1620679778882,-0.37111259,4.6568646,7.953781
1620679778901,-0.6703969,4.73827,7.905895
1620679778919,-0.6656084,4.982486,8.25546
1620679778941,-0.36392978,5.217125,8.58587
1620679778959,-0.15083931,5.427821,8.320105
1620679778980,-0.16759923,5.463735,7.362395
1620679779003,-0.22027329,5.6241517,7.0894475
1620679779023,-0.16520496,5.870762,7.49408
1620679779068,-0.021548472,6.055121,8.411087
1620679779079,-0.06943397,6.2682114,8.341654
1620679779083,-0.11971374,6.2490573,7.623371
1620679779100,-0.22985038,6.318491,7.6113997
1620679779121,-0.21069619,6.25624,7.206767
1620679779139,-0.1987248,6.3903193,7.1493044
1620679779160,-0.04070267,6.5459476,7.4030976
1620679779183,0.14605077,6.5555243,7.6281595
1620679779201,-0.011971374,6.711152,7.5874567
1620679779219,-0.052674048,6.691998,7.1157846
1620679779270,-0.016759925,6.893117,7.118179
1620679779271,0.13168511,6.804529,7.3384523
1620679779279,0.21787901,6.859597,7.2953553
1620679779313,0.21309046,6.8787518,7.599428
1620679779320,0.17478207,6.9936767,7.6712565
1620679779339,0.23224466,7.0104365,7.161276
1620679779362,0.08619389,7.0176196,6.342434
1620679779379,-0.117319465,7.0726876,6.3807425
1620679779402,-0.2777359,7.1780357,6.5004563
1620679779424,-0.12929083,7.3240867,6.962551
1620679779473,-0.021548472,7.2618356,6.56989
1620679779474,-0.10774237,7.3025384,6.2346916
1620679779486,-0.3998439,7.4701376,6.203566
1620679779501,-0.3423813,7.520417,6.2107487
1620679779519,0.011971374,7.640131,6.447782
1620679779541,0.05985687,7.683228,6.7470665
1620679779559,-0.2681588,7.7502675,6.1652575
1620679779582,-0.4932206,7.7526617,5.604997
1620679779603,-0.50040346,7.7119594,5.6313343
1620679779622,-0.25858167,7.755056,6.002447
1620679779668,-0.2681588,7.8723755,5.856396
1620679779670,-0.36871833,7.843644,5.4709177
1620679779679,-0.4189981,7.944204,5.4733124
1620679779709,-0.17957062,7.8268843,5.516409
1620679779727,-0.24900457,7.8460383,5.880339
1620679779739,-0.2466103,7.8292785,6.2346916
1620679779759,-0.22745611,7.989695,6.0072355
1620679779781,-0.23942748,7.9944835,5.7462597
1620679779801,-0.31604427,8.066312,5.566689
1620679779820,-0.3232271,8.075889,5.4086666
1620679779871,-0.34477556,7.944204,5.446975
1620679779872,-0.29210153,8.102226,5.6840086
1620679779886,-0.31604427,8.1549,5.813299
1620679779922,-0.20111908,8.176449,5.621757
1620679779922,-0.25139886,8.2339115,5.6504884
1620679779944,-0.37590113,8.183631,5.516409
1620679779960,-0.37111259,8.116591,5.276982
1620679779983,-0.35435268,8.164477,5.4565525
1620679780000,-0.27294734,8.12138,5.6337285
1620679780034,-0.31604427,8.243488,5.461341
1620679780075,-0.31365,8.133351,5.2674046
1620679780076,-0.3232271,8.10462,5.219519
1620679780088,-0.22985038,8.118986,5.183605
1620679780099,-0.18435916,8.12138,5.288953
1620679780130,-0.2466103,8.20518,5.3512044
1620679780146,-0.25139886,8.360807,5.6504884
1620679780159,-0.2753416,8.339259,5.4134555
1620679780179,-0.2370332,8.279403,5.320079
1620679780207,-0.12450229,8.123775,5.3919067
1620679780221,-0.28252444,8.171659,5.2913475
1620679780266,-0.21548474,8.2578535,5.2697988
1620679780267,-0.29689008,8.344048,5.3703585
1620679780279,-0.22266756,8.3129225,5.253039
1620679780300,-0.20590763,8.322499,5.233885
1620679780323,-0.29928434,8.300951,5.619363
1620679780339,-0.2777359,8.243488,5.446975
1620679780359,-0.31604427,8.291373,5.2290964
1620679780382,-0.30167863,8.262642,5.1979704
1620679780400,-0.22027329,8.320105,5.4350038
1620679780422,-0.30886146,8.265037,5.4086666
1620679780466,-0.22506183,8.269825,5.442187
1620679780467,-0.31843856,8.248277,5.2937417
1620679780479,-0.3040729,8.298556,5.3440213
1620679780504,-0.27055305,8.219545,5.1788163
1620679780519,-0.15083931,8.274613,5.255433
1620679780539,-0.1987248,8.224334,5.174028
1620679780561,-0.27294734,8.38475,5.2937417
1620679780578,-0.28252444,8.38475,5.2913475
1620679780599,-0.1699935,8.322499,5.3512044
1620679780623,-0.2561874,8.243488,5.260222
1620679780674,-0.31365,8.260248,5.176422
1620679780675,-0.33519846,8.324894,5.3009243
1620679780683,-0.33759275,8.332076,5.28177
1620679780700,-0.28731298,8.375174,5.1979704
1620679780719,-0.25139886,8.334471,5.2697988
1620679780741,-0.18914771,8.344048,5.4302154
1620679780759,-0.32562137,8.3129225,5.190788
1620679780779,-0.23942748,8.356019,5.29853
1620679780803,-0.19633053,8.334471,5.4110613
1620679780822,-0.21069619,8.327288,5.147691
1620679780878,-0.1987248,8.286585,5.1357193
1620679780880,-0.102953814,8.372779,5.3895125
1620679780880,-0.20590763,8.370385,5.2937417
1620679780902,-0.27294734,8.370385,5.28177
1620679780921,-0.21787901,8.353624,5.305713
1620679780939,-0.21548474,8.267431,5.0591025
1620679780959,-0.19393626,8.317711,5.130931
1620679780983,-0.33519846,8.329682,5.1452966
1620679781000,-0.30167863,8.334471,5.3009243
1620679781025,-0.2777359,8.269825,5.147691
1620679781057,-0.2944958,8.327288,5.087834
1620679781062,-0.31125572,8.339259,5.1644506
1620679781079,-0.19633053,8.341654,5.138114
1620679781101,-0.21309046,8.308133,5.133325
1620679781119,-0.20351335,8.308133,5.1213536
1620679781139,-0.28970724,8.344048,5.152479
1620679781161,-0.3304099,8.300951,5.29853
1620679781179,-0.19633053,8.245882,5.217125
1620679781199,-0.1987248,8.18842,5.1021996
1620679781223,-0.2466103,8.291373,5.1716337
1620679781257,-0.2657645,8.382356,5.3679643
1620679781261,-0.35674694,8.310528,5.569083
1620679781281,-0.12450229,8.099832,5.3440213
1620679781299,-0.24421602,8.039975,5.106988
1620679781323,-0.2849187,8.159689,5.4661293
1620679781340,-0.44772938,8.140534,5.813299
1620679781361,-0.45251793,8.013638,5.978504
1620679781379,-0.6201172,7.927444,5.8396363
1620679781403,-0.32083282,7.865193,5.9449844
1620679781421,-0.4956149,7.82449,5.9114647
1620679781459,-0.64166564,7.7143536,5.8755503
1620679781469,-0.5602603,7.518023,5.7582307
1620679781479,-0.6847626,7.448589,5.906676
1620679781499,-0.44533512,7.405492,6.428628
1620679781521,-0.31604427,7.3169036,6.454965
1620679781539,-0.40223816,7.223527,6.186806
1620679781559,-0.53392327,7.0128307,6.3352513
1620679781581,-0.45730647,6.93382,6.656084
1620679781599,-0.43815228,6.7446723,7.046351
1620679781620,-0.32083282,6.610593,7.2977495
1620679781648,-0.38787252,6.5842557,7.6090055
1620679781659,-0.6153286,6.7231236,7.798153
1620679781680,-0.8930645,6.3711653,7.5922456
1620679781701,-0.7039168,5.856396,7.0439563
1620679781722,-0.57223165,5.7175283,6.91706
1620679781739,-0.46209505,5.521198,7.283384
1620679781761,-0.5889916,5.559506,7.937021
1620679781779,-0.5363176,5.5571117,8.403905
1620679781801,-0.339987,5.1979704,8.341654
1620679781822,-0.16759923,4.850801,8.3679905
1620679781857,0.047885496,4.625739,8.344048
1620679781869,0.090982445,4.4222255,8.755863
1620679781881,0.14605077,4.199558,9.304152
1620679781900,-0.011971374,3.9792848,9.287392
1620679781921,0.15083931,3.727886,9.44302
1620679781941,0.15323359,3.5363438,9.596253
1620679781959,0.04070267,3.5674694,9.957788
1620679781981,-0.21787901,3.4357843,9.783007
1620679782001,-0.37590113,3.1317115,9.107821
1620679782021,-0.4668836,2.80609,8.990502
1620679782059,-0.36871833,2.5139885,9.148524
1620679782066,-0.6751855,2.4589202,9.703996
1620679782079,-1.0223553,2.466103,9.629773
1620679782102,-0.9768641,2.264984,9.397529
1620679782122,-0.84996754,1.8148603,9.131764
1620679782140,-0.82602483,1.6328955,9.239507
1620679782159,-0.82123625,1.5826156,9.720756
1620679782182,-0.8140534,1.7310607,10.221159
1620679782200,-0.9026416,1.4772675,10.091868
1620679782221,-0.80687064,1.1827718,9.771035
1620679782254,-0.7110996,1.0055954,9.955395
1620679782260,-0.6392714,1.0415095,10.477346
1620679782280,-0.70631105,0.9074302,10.901134
1620679782302,-0.7350424,0.749408,10.393547
1620679782320,-0.6847626,0.6943397,10.192428
1620679782341,-0.6344828,0.6464542,9.754275
1620679782361,-0.71828246,0.7326481,9.838076
1620679782379,-0.7110996,0.723071,10.187639
1620679782399,-0.64166564,0.6344828,10.173274
1620679782424,-0.43336374,0.5219519,10.0439825
1620679782468,-0.44772938,0.53871185,9.840469
1620679782470,-0.40463245,0.5961744,9.847652
1620679782491,-0.4166038,0.6895511,9.847652
1620679782499,-0.45251793,0.8044763,9.921875
1620679782519,-0.34956414,0.6895511,10.051166
1620679782542,-0.2561874,0.75659084,10.032011
1620679782559,-0.339987,0.7709565,9.914692
1620679782581,-0.28970724,0.74701375,9.7135725
1620679782600,-0.2466103,0.749408,9.613013
1620679782625,-0.23224466,0.73743665,9.768641
1620679782661,-0.17478207,0.81644773,9.931452
1620679782662,-0.19393626,0.7948992,9.759064
1620679782679,-0.21309046,0.749408,9.665688
1620679782700,-0.13886794,0.7446195,9.751882
1620679782720,-0.14365649,0.72546524,9.692024
1620679782739,-0.023942748,0.67757976,9.857229
1620679782758,-0.06464542,0.67279124,9.845258
1620679782781,-0.035914123,0.6488485,9.921875
1620679782800,-0.045491222,0.6608198,9.871595
1620679782821,-0.045491222,0.61293435,10.113417
1620679782855,-0.043096945,0.7206767,10.0368
1620679782880,-0.05985687,0.65842557,10.015251
1620679782896,-0.06943397,0.679974,9.912297
1620679782916,-0.09577099,0.67757976,9.945818
1620679782927,-0.04070267,0.6895511,9.914692
1620679782948,-0.035914123,0.600963,9.797373
1620679782968,-0.019154198,0.70870537,9.943423
1620679782987,-0.04070267,0.6273,10.022434
1620679782999,-0.08619389,0.6440599,9.945818
1620679783028,0.0047885496,0.73743665,9.926663
1620679783056,-0.028731298,0.6656084,9.90272
1620679783070,-0.05027977,0.68715686,9.802161
1620679783082,0.026337024,0.6177229,9.732727
1620679783101,0.009577099,0.600963,9.818921
1620679783118,-0.105348095,0.723071,9.75667
1620679783148,0.05027977,0.71588814,9.672871
1620679783167,0.011971374,0.75180227,9.818921
1620679783182,0.038308397,0.723071,10.012857
1620679783201,-0.07422252,0.66800267,9.727939
1620679783220,0.09577099,0.6440599,9.58907
1620679783242,0.014365649,0.65363705,9.656111
1620679783268,-0.03351985,0.67279124,9.938635
1620679783286,-0.0047885496,0.6344828,10.142148
1620679783299,-0.102953814,0.6153286,9.957788
1620679783321,-0.07422252,0.5219519,9.816526
1620679783344,-0.07901107,0.62251145,9.897932
1620679783360,-0.11013664,0.6081458,9.900327
1620679783380,-0.06943397,0.52674043,9.926663
1620679783399,-0.07901107,0.59378016,9.857229
1620679783420,-0.0071828244,0.6464542,9.811738
1620679783451,-0.035914123,0.67279124,9.881172
1620679783459,0.023942748,0.6440599,9.991309
1620679783478,-0.011971374,0.6273,10.029617
1620679783502,0.047885496,0.54350036,9.80695
1620679783519,-0.05985687,0.6296943,9.608225
1620679783540,-0.047885496,0.69912827,9.651321
1620679783562,-0.08858817,0.6105401,9.842864
1620679783579,0.04070267,0.51955765,9.785401
1620679783599,-0.0023942748,0.49800915,9.818921
1620679783628,0.009577099,0.5770202,10.0439825
1620679783675,0.057462595,0.6751855,10.161303
1620679783677,0.014365649,0.6560313,9.929058
1620679783682,0.016759925,0.5985687,9.91948
1620679783700,-0.0071828244,0.56744313,9.866806
1620679783720,-0.035914123,0.5698374,9.847652
1620679783742,-0.014365649,0.5602603,9.960183
1620679783760,-0.043096945,0.5770202,9.859624
1620679783780,-0.038308397,0.42139238,9.543579
1620679783802,-0.1699935,0.3304099,9.354432
1620679783820,-0.06943397,0.34956414,9.196409
1620679783846,-0.0023942748,0.076616794,9.378374
1620679783867,-0.05027977,-0.045491222,10.077502
1620679783879,-0.2777359,-0.28731298,10.024829
1620679783901,-0.047885496,-0.6081458,10.24989
1620679783921,-0.057462595,-1.1396748,9.953
1620679783940,-0.19633053,-1.0558752,9.8237095
1620679783960,-0.3328042,-1.3383996,9.675264
1620679783982,-0.2561874,-1.6759924,9.402317
1620679784001,-0.23463893,-2.1668186,9.182044
1620679784022,-0.10774237,-2.2673783,9.335278
1620679784056,-0.03351985,-2.49244,9.751882
1620679784061,-0.0023942748,-2.8635526,9.73991
1620679784079,-0.045491222,-3.1843855,9.2419
1620679784103,-0.2849187,-3.2562137,8.913885
1620679784119,-0.28731298,-3.469304,9.0288105
1620679784139,-0.2657645,-3.6728175,8.901914
1620679784161,-0.2466103,-3.8763309,8.458973
1620679784180,-0.016759925,-4.1181526,8.382356
1620679784199,0.09577099,-4.4653225,8.286585
1620679784224,0.39266106,-4.7717896,7.6305537
1620679784263,0.5506832,-5.1357193,7.726325
1620679784265,0.5913859,-5.2937417,8.7534685
1620679784281,0.6943397,-5.7462597,9.634562
1620679784301,0.70631105,-6.0503325,9.28021
1620679784319,0.31604427,-5.8875217,8.080677
1620679784342,0.32562137,-5.8587904,7.345635
1620679784360,0.6177229,-6.0239954,7.9394155
1620679784380,0.55307746,-6.1030064,8.320105
1620679784401,0.409421,-6.32328,8.183631
1620679784419,0.4764607,-6.318491,8.159689
1620679784461,0.69912827,-6.447782,8.140534
1620679784467,0.5770202,-6.2251143,7.5922456
1620679784479,0.42618093,-6.141315,7.3408465
1620679784502,0.45491222,-6.3711653,7.1971903
1620679784521,0.16041641,-6.308914,7.814913
1620679784540,0.021548472,-6.3137026,7.910684
1620679784560,0.0023942748,-6.4166565,7.5683026
1620679784582,0.13168511,-6.612987,7.084659
1620679784600,0.28252444,-7.065505,6.8715687
1620679784622,0.20351335,-7.1732473,7.8268843
1620679784656,0.18196489,-7.144516,7.9753294
1620679784663,0.22985038,-7.0511394,7.719142
1620679784680,0.13647367,-6.897906,6.9721284
1620679784702,0.2083019,-6.7039695,6.919454
1620679784719,0.15323359,-6.5220046,7.4868975
1620679784741,0.17957062,-6.60341,7.352818
1620679784764,0.11013664,-6.4405994,7.439012
1620679784780,0.15323359,-6.5555243,7.211556
1620679784800,0.41181526,-6.596227,7.5850625
1620679784823,0.5698374,-6.65369,7.290567
1620679784860,0.47167215,-6.5220046,7.762239
1620679784861,0.61293435,-6.5004563,8.41827
1620679784886,0.43336374,-6.265817,8.40151
1620679784901,0.35914123,-6.1484976,7.745479
1620679784920,0.54350036,-6.2346916,7.640131
1620679784947,0.38787252,-5.8420305,8.130958
1620679784962,0.40463245,-5.6744313,9.407105
1620679784979,-0.08140534,-5.190788,8.458973
1620679785002,0.0,-5.29853,7.326481
1620679785021,0.31604427,-5.3081074,8.035186
1620679785059,0.86912173,-4.9705143,9.641745
1620679785063,0.34956414,-4.539545,9.718362
1620679785085,0.13168511,-4.4126487,9.225141
1620679785101,0.043096945,-4.07745,9.115005
1620679785122,0.2849187,-3.79732,10.546781
1620679785140,0.76616794,-3.7207031,10.733534
1620679785162,0.3328042,-3.4238129,10.252285
1620679785181,-0.31365,-2.8994668,9.273026
1620679785200,-1.036721,-1.9417568,9.012051
1620679785220,-1.089395,-1.2905141,9.091062
1620679785242,-0.70870537,-0.83081335,9.407105
1620679785261,-0.80208206,-0.50040346,9.076695
1620679785279,-1.1899546,-0.15323359,9.019233
1620679785303,-1.7502149,0.85954463,9.232324
1620679785320,-1.8579572,1.4940275,9.577099
1620679785339,-1.2474172,1.6161355,9.93624
1620679785361,-1.0510867,1.620924,9.100638
1620679785379,-0.9313729,2.52596,9.043176
1620679785400,-0.77574503,3.4286015,9.2490835
1620679785423,-0.5698374,4.0151987,8.956982
1620679785458,-0.36871833,3.9505534,8.686429
1620679785461,-0.105348095,4.163644,8.741497
1620679785482,-0.090982445,4.6329217,8.724737
1620679785499,-0.0071828244,4.9274178,8.74868
1620679785519,0.11492519,4.913052,8.406299
1620679785541,0.3615355,4.6305275,7.970541
1620679785561,0.48124924,4.908263,8.078283
1620679785580,0.3423813,5.253039,8.171659
1620679785600,-0.083799616,5.4757066,8.142929
1620679785620,-0.009577099,5.322473,7.738296
1620679785648,0.13886794,5.401484,7.82449
1620679785662,0.038308397,5.5092263,7.7095647
1620679785679,0.16759923,5.4948606,7.7119594
1620679785699,0.07422252,5.5283804,7.6066113
1620679785720,0.021548472,5.602603,7.632948
1620679785739,-0.0047885496,5.62894,7.848433
1620679785763,-0.023942748,5.715134,8.107015
1620679785781,0.045491222,5.609786,7.865193
1620679785800,0.16041641,5.516409,7.6305537
1620679785821,0.1699935,5.38233,7.57788
1620679785856,0.14605077,5.279376,7.7909703
1620679785862,-0.047885496,5.0614967,7.8316727
1620679785880,0.15083931,4.9178405,8.298556
1620679785902,0.27294734,4.652076,8.578687
1620679785919,0.17717634,4.5012364,8.353624
1620679785939,0.07901107,4.2115293,8.45179
1620679785967,0.0047885496,3.9529476,9.012051
1620679785982,0.15562786,3.7949257,9.718362
1620679785999,0.18914771,3.3687446,9.28021
1620679786022,0.5818088,2.8276386,8.842057
1620679786053,0.4189981,2.7869358,9.79019
1620679786065,-0.062251143,2.719896,10.130177
1620679786087,-0.15083931,1.7669748,9.754275
1620679786107,0.17478207,1.4006507,9.1628895
1620679786122,0.13886794,1.3192455,9.124581
1620679786141,-0.29210153,1.0199611,9.775824
1620679786159,-0.3040729,1.0822122,10.592272
1620679786186,-0.6153286,0.7350424,10.194822
1620679786207,-0.32083282,0.21069619,10.343267
1620679786225,-0.21548474,-0.031125572,10.2642565
1620679786260,-0.13647367,-0.2944958,9.953
1620679786261,-0.29689008,-0.4956149,9.998491
1620679786281,-0.28013015,-0.3998439,10.391152
1620679786299,-0.1699935,-0.5411061,10.388759
1620679786321,-0.15562786,-0.6608198,10.197216
1620679786339,-0.09577099,-0.7350424,10.269045
1620679786358,-0.12210801,-0.6847626,10.041589
1620679786381,-0.2849187,-0.72785956,9.73991
1620679786399,-0.12929083,-0.7206767,10.084685
1620679786420,-0.16759923,-0.44294083,10.170879
1620679786446,-0.052674048,-0.20111908,10.750294
1620679786459,-0.12689656,-0.48124924,9.8237095
1620679786480,-0.19393626,-0.600963,9.349643
1620679786501,-0.11253092,-0.5554718,9.466963
1620679786519,-0.28252444,-0.22985038,10.302565
1620679786539,-0.18435916,-0.031125572,9.953
1620679786562,-0.1340794,-0.2370332,10.125388
1620679786581,0.06464542,0.1699935,9.833286
1620679786603,0.16520496,0.071828246,10.065532
1620679786624,-0.10774237,-0.30167863,9.584282
1620679786664,0.038308397,-0.28731298,9.648928
1620679786665,0.36632404,-0.117319465,9.864412
1620679786680,0.18914771,-0.11492519,10.027223
1620679786700,-0.016759925,0.011971374,9.866806
1620679786720,-0.045491222,-0.090982445,10.065532
1620679786741,-0.102953814,-0.17238778,9.976943
1620679786760,0.05027977,-0.05985687,9.890749
1620679786782,-0.026337024,-0.20590763,9.9889145
1620679786802,-0.014365649,-0.53871185,10.084685
1620679786821,0.102953814,-0.47167215,9.440625
1620679786864,-0.17957062,-0.5913859,9.354432
1620679786865,-0.30886146,-0.3998439,10.309748
1620679786882,-0.28252444,-0.1987248,10.051166
1620679786905,-0.035914123,-0.34716985,9.835681
1620679786923,-0.03351985,-0.5123748,9.694419
1620679786940,-0.021548472,-0.19393626,10.00328
1620679786960,-0.011971374,-0.2083019,10.2642565
1620679786983,-0.014365649,-0.25858167,10.127783
1620679787000,-0.24900457,-0.339987,9.921875
1620679787021,-0.019154198,-0.31365,9.718362
1620679787070,0.18914771,-0.19393626,9.950606
1620679787072,0.11492519,-0.14844504,10.240314
1620679787081,-0.07422252,-0.117319465,10.340873
1620679787102,-0.26337022,-0.21548474,10.292988
1620679787119,-0.05985687,-0.24421602,10.072714
1620679787139,0.14126222,-0.15802214,9.924269
1620679787165,0.22027329,-0.13168511,9.938635
1620679787185,0.17717634,-0.031125572,9.660899
1620679787201,0.22266756,-0.076616794,9.8237095
1620679787224,0.32562137,-0.11013664,9.771035
1620679787264,0.18914771,-0.014365649,9.620196
1620679787266,0.102953814,0.038308397,9.818921
1620679787282,-0.08858817,0.05027977,9.73991
1620679787302,-0.27055305,0.0670397,9.490906
1620679787320,0.03351985,0.038308397,9.5244255
1620679787342,-0.071828246,0.07901107,9.478934
1620679787360,-0.011971374,0.045491222,9.613013
1620679787383,0.4189981,0.057462595,10.051166
1620679787401,0.38308397,-0.08140534,10.40073
1620679787424,0.24421602,-0.10055954,10.470163
1620679787470,-0.083799616,-0.12210801,10.063137
1620679787472,0.098165266,0.043096945,9.797373
1620679787487,0.23463893,0.0670397,9.668081
1620679787502,0.17478207,0.09577099,9.553157
1620679787521,0.07422252,0.08619389,9.627379
1620679787541,0.047885496,-0.016759925,9.859624
1620679787563,0.25858167,-0.23224466,9.9889145
1620679787584,0.16520496,-0.20590763,9.912297
1620679787600,-0.102953814,-0.13886794,10.015251
1620679787623,-0.13168511,-0.090982445,9.933846
1620679787665,0.21787901,-0.043096945,10.115811
1620679787666,0.21309046,-0.10774237,10.094262
1620679787682,0.03351985,0.021548472,9.780613
1620679787702,-0.11013664,0.12929083,9.60583
1620679787719,-0.102953814,0.14605077,9.624985
1620679787741,-0.052674048,0.045491222,9.680053
1620679787764,0.14365649,-0.031125572,9.905115
1620679787780,0.11492519,-0.014365649,9.9889145
1620679787801,0.12689656,-0.14605077,10.161303
1620679787823,0.11013664,-0.22985038,10.091868
1620679787867,0.11492519,-0.2083019,9.909904
1620679787868,0.13168511,-0.15802214,10.000886
1620679787882,0.08140534,-0.0670397,10.048771
1620679787902,-0.062251143,0.0023942748,9.943423
1620679787919,0.04070267,-0.019154198,9.850046
1620679787942,0.019154198,-0.06943397,9.718362
1620679787959,-0.08619389,0.009577099,9.656111
1620679787979,-0.17478207,0.05985687,9.787795
1620679788003,-0.04070267,-0.0047885496,9.917087
1620679788021,-0.045491222,-0.035914123,9.996098
1620679788070,-0.03351985,-0.18675344,10.022434
1620679788071,0.16281068,-0.31125572,10.0200405
1620679788082,0.1340794,-0.2681588,9.883567
1620679788114,0.0071828244,-0.25139886,9.830893
1620679788121,0.19393626,-0.18196489,9.953
1620679788139,0.15562786,-0.16281068,10.051166
1620679788160,-0.07422252,-0.17238778,8.631361
1620679788181,0.2777359,-0.04070267,9.780613
1620679788199,-0.19633053,-0.23463893,10.259467
