1620679773278,14.382843,-2.7926779,0.09213343
1620679773299,14.116549,-3.575606,0.16004921
1620679773317,14.083223,-3.5255396,0.116206676
1620679773337,14.033635,-3.3560054,0.085569635
1620679773359,13.9500475,-3.0984242,0.09295535
1620679773377,13.838736,-2.836159,0.105028346
1620679773397,13.772709,-2.6024785,0.09954302
1620679773420,13.778017,-2.3700316,0.06273424
1620679773438,13.805923,-2.138562,-0.01418642
1620679773457,13.823086,-1.9878945,-0.031685654
1620679773479,13.863417,-1.5923457,-0.33352256
1620679773497,13.926322,-1.0381032,-0.8063178
1620679773518,14.010908,-0.59395456,-1.1592027
1620679773540,14.079726,-0.18795727,-1.4625995
1620679773557,14.11464,0.17566167,-1.7629751
1620679773578,14.10748,0.3809133,-1.8612624
1620679773599,14.04461,0.31198347,-1.7002027
1620679773618,13.964925,0.26339877,-1.7564487
1620679773640,13.923705,0.32641947,-1.8589206
1620679773660,13.885166,0.5070994,-2.0640678
1620679773678,13.850522,0.72018594,-2.4184918
1620679773700,13.8306875,0.83592266,-2.682008
1620679773720,13.787992,0.87565666,-2.6344483
1620679773742,13.717199,1.0336224,-2.5807245
1620679773760,13.656746,1.2487643,-2.4671884
1620679773783,13.602303,1.424486,-2.3735373
1620679773800,13.542746,1.508802,-2.2657926
1620679773820,13.449221,1.4518342,-2.1463158
1620679773859,13.380199,1.3551421,-2.3095453
1620679773859,13.34381,1.3352207,-2.5430355
1620679773883,13.350602,1.2921267,-2.5963666
1620679773913,13.348091,1.2548671,-2.4799008
1620679773919,13.334916,1.2579141,-2.393216
1620679773940,13.322805,1.2963483,-2.4113429
1620679773962,13.312209,1.4119277,-2.4602978
1620679773979,13.29738,1.5914378,-2.455842
1620679773999,13.28778,1.7494634,-2.4304361
1620679774021,13.288903,1.7844077,-2.4428668
1620679774054,13.301234,1.786627,-2.5383565
1620679774069,13.334052,1.8636831,-2.6327124
1620679774088,13.374876,2.0859926,-2.62615
1620679774108,13.408301,2.346024,-2.4907055
1620679774121,13.431736,2.4751308,-2.306712
1620679774150,13.447577,2.4331703,-2.1431434
1620679774165,13.47297,2.2285738,-2.0611253
1620679774182,13.509329,2.0342956,-2.0275705
1620679774202,13.53318,2.044504,-1.9619232
1620679774219,13.528281,2.1873944,-1.9150847
1620679774242,13.512415,2.30008,-1.9431372
1620679774273,13.513923,2.3197758,-1.9843038
1620679774287,13.528764,2.2909274,-1.9984128
1620679774300,13.537803,2.2847328,-1.9758967
1620679774321,13.541533,2.3072436,-1.9423406
1620679774340,13.537939,2.2896569,-1.9319047
1620679774362,13.533097,2.2441256,-1.9429209
1620679774382,13.530641,2.237619,-1.9303436
1620679774400,13.526336,2.2933261,-1.8685361
1620679774420,13.513513,2.374795,-1.7906884
1620679774450,13.499908,2.4027004,-1.7643323
1620679774461,13.473465,2.4130344,-1.8302263
1620679774482,13.4325695,2.462136,-1.9816537
1620679774502,13.391639,2.6596549,-2.1220982
1620679774519,13.364517,3.0175617,-2.2317817
1620679774540,13.347822,3.510766,-2.3435423
1620679774562,13.339802,4.1072807,-2.4686525
1620679774581,13.328628,4.7660904,-2.5979712
1620679774600,13.335291,5.4003086,-2.7149725
1620679774621,13.353849,5.9358654,-2.7862706
1620679774650,13.360999,6.4003434,-2.917576
1620679774661,13.338546,6.8543544,-3.1072447
1620679774682,13.2951765,7.33567,-3.2698283
1620679774701,13.255562,7.8003597,-3.3776672
1620679774719,13.236419,8.16663,-3.417868
1620679774743,13.235475,8.417325,-3.480055
1620679774760,13.223173,8.664464,-3.5116754
1620679774780,13.191686,9.029712,-3.5305324
1620679774802,13.158418,9.496669,-3.4881816
1620679774820,13.148631,9.967467,-3.3876696
1620679774854,13.162189,10.4009285,-3.2452285
1620679774863,13.17779,10.778745,-3.1136136
1620679774883,13.195413,11.142986,-3.0374906
1620679774903,13.225424,11.586693,-2.9393408
1620679774922,13.254854,12.1036215,-2.7552576
1620679774944,13.281472,12.60064,-2.5375922
1620679774960,13.302639,13.063953,-2.35481
1620679774987,13.318077,13.569686,-2.1300013
1620679775000,13.331477,14.209169,-1.8445212
1620679775021,13.342688,14.929109,-1.5196652
1620679775051,13.337404,15.654578,-1.2642616
1620679775062,13.284917,16.296907,-1.1879195
1620679775080,13.203911,16.871485,-1.2552848
1620679775103,13.099044,17.425047,-1.3806766
1620679775120,12.992802,17.975573,-1.4653679
1620679775140,12.897896,18.511532,-1.5009947
1620679775172,12.813656,19.086271,-1.5002441
1620679775181,12.7326,19.790073,-1.4757773
1620679775199,12.673166,20.720484,-1.3609798
1620679775225,12.645462,21.692934,-1.2497528
1620679775255,12.67494,22.569353,-1.2460861
1620679775262,12.717197,23.409786,-1.1176398
1620679775282,12.771426,24.342983,-0.9624254
1620679775301,12.811538,25.338184,-0.81988305
1620679775319,12.833454,26.272652,-0.7624252
1620679775344,12.82601,27.109613,-0.73323125
1620679775364,12.811874,27.89256,-0.6739594
1620679775380,12.782949,28.628202,-0.6757915
1620679775403,12.742671,29.321173,-0.740455
1620679775423,12.689746,30.009813,-0.703096
1620679775455,12.616312,30.701277,-0.58267444
1620679775462,12.543858,31.401314,-0.50762796
1620679775490,12.494166,32.05737,-0.5880349
1620679775500,12.492765,32.642586,-0.8175514
1620679775523,12.534297,33.368904,-0.996245
1620679775540,12.594835,34.252342,-1.0189912
1620679775564,12.650705,35.201733,-0.94418144
1620679775582,12.703694,36.005295,-0.8339949
1620679775600,12.774353,36.581688,-0.9205905
1620679775622,12.860378,37.107822,-1.1315243
1620679775658,12.965609,37.651066,-1.2500051
1620679775663,13.077504,38.150993,-1.1450018
1620679775681,13.19417,38.591545,-0.86849815
1620679775701,13.283108,39.04974,-0.5270122
1620679775720,13.337794,39.51567,-0.23804125
1620679775740,13.351938,39.97954,-0.07337885
1620679775762,13.3391,40.43896,-0.048296023
1620679775780,13.332574,40.891167,-0.2350675
1620679775800,13.31228,41.377724,-0.49767795
1620679775823,13.294054,41.861465,-0.8785574
1620679775850,13.305644,42.320633,-1.4486957
1620679775859,13.327681,42.729664,-1.9642521
1620679775881,13.346222,43.1389,-2.282556
1620679775901,13.335275,43.45999,-2.49162
1620679775921,13.323189,43.710335,-2.6651037
1620679775944,13.310803,43.876373,-2.7872283
1620679775963,13.294405,43.908134,-2.8583677
1620679775980,13.291289,43.7998,-2.912942
1620679776002,13.296522,43.731815,-2.8467302
1620679776021,13.274214,43.800762,-2.6254206
1620679776057,13.2628145,43.829582,-2.5441837
1620679776071,13.266062,43.81622,-2.5265455
1620679776086,13.2595825,43.81728,-2.375893
1620679776100,13.245059,43.815422,-2.3089182
1620679776122,13.209915,43.84118,-2.3372264
1620679776140,13.173576,43.897724,-2.3680415
1620679776163,13.148274,43.948875,-2.3181572
1620679776181,13.128134,43.96556,-2.2187333
1620679776200,13.113858,44.00891,-2.08788
1620679776220,13.101604,44.064907,-1.99584
1620679776251,13.092967,44.15624,-1.9196099
1620679776261,13.100423,44.28743,-1.8188329
1620679776279,13.110148,44.413033,-1.6630142
1620679776303,13.102985,44.547916,-1.4904238
1620679776320,13.080083,44.80493,-1.2170416
1620679776340,13.043097,45.043095,-0.9741869
1620679776363,13.005697,45.184364,-0.90438086
1620679776383,12.967381,45.191795,-1.0208746
1620679776400,12.927403,45.16755,-1.1088526
1620679776424,12.8931675,45.14161,-1.1458211
1620679776472,12.86021,45.117466,-1.1566235
1620679776472,12.816162,45.07429,-1.1575679
1620679776480,12.774684,45.000706,-1.1901494
1620679776500,12.735868,44.95081,-1.2127086
1620679776576,12.703407,45.014633,-1.1718018
1620679776576,12.684375,45.145145,-1.1071593
1620679776577,12.683359,45.28591,-1.0697793
1620679776582,12.700153,45.411854,-1.0509264
1620679776600,12.7275715,45.46153,-1.1207869
1620679776619,12.75292,45.4803,-1.2307129
1620679776654,12.763957,45.50664,-1.282191
1620679776662,12.763036,45.479218,-1.2915077
1620679776680,12.762922,45.47575,-1.2123414
1620679776700,12.776042,45.475525,-1.1371156
1620679776723,12.776973,45.443306,-1.1556369
1620679776739,12.751707,45.413754,-1.2496902
1620679776759,12.730127,45.390514,-1.3966078
1620679776782,12.7305565,45.41886,-1.439431
1620679776798,12.757554,45.460613,-1.4121162
1620679776820,12.805167,45.424393,-1.4868631
1620679776850,12.841012,45.39793,-1.5811538
1620679776859,12.861093,45.424545,-1.6077421
1620679776880,12.872207,45.46673,-1.5599768
1620679776902,12.871767,45.456623,-1.5426837
1620679776919,12.863516,45.421307,-1.5601622
1620679776942,12.852067,45.38386,-1.5880673
1620679776964,12.843472,45.32613,-1.6123165
1620679776983,12.854402,45.301075,-1.5628797
1620679777001,12.875714,45.30205,-1.43088
1620679777025,12.896135,45.272636,-1.3228335
1620679777057,12.9052725,45.216187,-1.2755634
1620679777072,12.919638,45.14066,-1.2884003
1620679777085,12.928782,45.07958,-1.2433643
1620679777103,12.939409,45.051403,-1.1233517
1620679777123,12.934545,44.988125,-0.9931117
1620679777141,12.917549,44.929745,-0.93749386
1620679777162,12.8972435,44.861904,-0.9646071
1620679777184,12.878299,44.76969,-1.0533226
1620679777203,12.864211,44.681114,-1.1090789
1620679777220,12.86255,44.61792,-1.0959767
1620679777254,12.870355,44.59102,-1.0175675
1620679777272,12.867317,44.58868,-0.84573424
1620679777284,12.871524,44.515343,-0.77495146
1620679777309,12.871015,44.37592,-0.7987323
1620679777324,12.859708,44.239254,-0.7679322
1620679777342,12.83174,44.146713,-0.6682492
1620679777359,12.806882,44.074184,-0.60523695
1620679777395,12.787254,43.96862,-0.58618546
1620679777417,12.776895,43.829575,-0.5516938
1620679777428,12.772363,43.680515,-0.47633553
1620679777466,12.769141,43.505913,-0.4237542
1620679777466,12.771643,43.32149,-0.4164044
1620679777484,12.763341,43.110573,-0.45493227
1620679777501,12.760182,42.79498,-0.61922425
1620679777520,12.735653,42.32178,-0.8919965
1620679777539,12.684703,41.702274,-1.2680018
1620679777565,12.588255,41.095543,-1.5747968
1620679777582,12.480067,40.607635,-1.6278692
1620679777600,12.3945,40.221367,-1.4395353
1620679777628,12.336519,39.829258,-1.200221
1620679777664,12.305855,39.45305,-1.0279763
1620679777670,12.301912,39.193264,-0.91426885
1620679777683,12.325533,39.06179,-0.77974576
1620679777707,12.37899,38.990707,-0.65594524
1620679777719,12.445977,38.87798,-0.6237629
1620679777741,12.505712,38.62854,-0.7004496
1620679777760,12.550784,38.199368,-0.89277154
1620679777783,12.586743,37.64411,-1.1584003
1620679777803,12.557814,37.13077,-1.3227797
1620679777820,12.508141,36.65632,-1.4251915
1620679777852,12.452946,36.002728,-1.5108798
1620679777861,12.426099,35.138847,-1.6645848
1620679777886,12.423224,34.233532,-1.9528215
1620679777900,12.416515,33.299774,-2.337298
1620679777923,12.40462,32.30743,-2.7382329
1620679777940,12.394831,31.13515,-3.2772744
1620679777960,12.367068,29.781097,-3.8496945
1620679777983,12.274245,28.424778,-4.2014256
1620679777999,12.20559,27.326149,-4.1819153
1620679778021,12.168963,26.489906,-4.058342
1620679778065,12.133682,25.533873,-3.9745426
1620679778065,12.11613,24.3223,-4.0588784
1620679778083,12.0887165,23.044731,-4.2957096
1620679778104,12.060307,21.857359,-4.5141163
1620679778120,12.0590725,20.78978,-4.583892
1620679778140,12.098768,19.689701,-4.5684476
1620679778162,12.172993,18.453009,-4.486684
1620679778183,12.237435,17.001825,-4.3702717
1620679778200,12.318377,15.3505125,-4.325597
1620679778223,12.436475,13.61818,-4.317786
1620679778265,12.6118965,11.818352,-3.9738898
1620679778265,12.8378935,10.029433,-3.4141157
1620679778283,12.988231,8.433432,-2.6736126
1620679778301,13.069679,7.035489,-1.7395129
1620679778319,13.102485,5.750573,-0.77288437
1620679778342,13.10891,4.562551,-0.05533287
1620679778360,13.10871,3.4301932,0.3446151
1620679778380,13.147562,2.2901888,0.50081724
1620679778402,13.205374,1.1957161,0.48126987
1620679778422,13.250312,0.19907422,0.42446762
1620679778472,13.285856,-0.7226391,0.3158204
1620679778472,13.31787,-1.6930609,0.13889699
1620679778481,13.332179,-2.7736073,-0.028324198
1620679778502,13.348431,-3.9639878,-0.21803133
1620679778520,13.371273,-5.1312256,-0.63907045
1620679778539,13.375511,-6.1367993,-1.2438056
1620679778561,13.385573,-7.1043,-1.7558837
1620679778584,13.414367,-8.252151,-1.9708242
1620679778600,13.459677,-9.650002,-1.9785321
1620679778622,13.515381,-11.077533,-1.95889
1620679778661,13.58744,-12.431594,-2.0231283
1620679778669,13.681284,-13.787353,-2.1787922
1620679778679,13.821252,-15.171598,-2.388771
1620679778702,13.92422,-16.58931,-2.6257966
1620679778718,14.015355,-18.041624,-3.0048409
1620679778740,14.129654,-19.421932,-3.3165474
1620679778761,14.1772,-20.533525,-3.4996643
1620679778780,14.132616,-21.437286,-3.4918058
1620679778799,14.038306,-22.305256,-3.4092956
1620679778822,13.928852,-23.304098,-3.3508863
1620679778854,13.849614,-24.500443,-3.3487403
1620679778859,13.794502,-25.793118,-3.3418941
1620679778882,13.7667675,-27.029387,-3.441408
1620679778901,13.734319,-28.138826,-3.5562365
1620679778919,13.656838,-29.152617,-3.5331724
1620679778941,13.545777,-30.208298,-3.2669437
1620679778959,13.460784,-31.385368,-2.9048722
1620679778980,13.422525,-32.607574,-2.6222472
1620679779003,13.383286,-33.722622,-2.3368216
1620679779023,13.322704,-34.58598,-1.9099118
1620679779068,13.220812,-35.186474,-1.5383036
1620679779069,13.12874,-35.796715,-1.5578233
1620679779082,13.09959,-36.602722,-1.7639304
1620679779106,13.133696,-37.473087,-1.9291908
1620679779121,13.176064,-38.234257,-1.9825104
1620679779139,13.1594,-38.82163,-1.8926636
1620679779160,13.144744,-39.3299,-1.6861234
1620679779184,13.1293,-39.758858,-1.4329729
1620679779201,13.168281,-40.248043,-1.0977635
1620679779219,13.25557,-40.850616,-0.67428654
1620679779270,13.354866,-41.471947,-0.317178
1620679779270,13.399992,-41.9467,-0.16755258
1620679779279,13.392374,-42.347813,-0.0859684
1620679779313,13.387376,-42.770393,0.13676745
1620679779320,13.347233,-43.253456,0.36673197
1620679779339,13.271767,-43.78761,0.24985908
1620679779362,13.204083,-44.344967,-0.29766014
1620679779379,13.165138,-44.852528,-0.91221136
1620679779402,13.149719,-45.325237,-1.2486297
1620679779423,13.138101,-45.817654,-1.3588915
1620679779473,13.1082735,-46.359844,-1.5532966
1620679779473,13.1259575,-47.00315,-1.9760325
1620679779486,13.1572075,-47.618652,-2.408053
1620679779501,13.168994,-48.159798,-2.6505277
1620679779519,13.138575,-48.630062,-2.7273774
1620679779541,13.094975,-49.043858,-2.797654
1620679779559,13.078162,-49.510395,-3.1271324
1620679779582,13.107038,-50.048496,-3.6454475
1620679779603,13.160386,-50.535004,-4.119927
1620679779622,13.1837635,-50.881424,-4.2309794
1620679779668,13.210852,-51.228268,-4.2534466
1620679779669,13.307192,-51.62324,-4.2577863
1620679779679,13.450072,-51.99088,-3.2008278
1620679779708,13.584445,-52.247234,-2.9284496
1620679779727,13.72524,-52.41068,-2.6370525
1620679779739,13.839399,-52.517876,-2.4519465
1620679779759,13.9220705,-52.70694,-2.435679
1620679779781,14.0227165,-52.974075,-2.4733696
1620679779801,14.117312,-53.227047,-2.457419
1620679779820,14.1792145,-53.449074,-2.4661453
1620679779871,14.192363,-53.619427,-2.5039034
1620679779871,14.17435,-53.747997,-2.49901
1620679779886,14.153573,-53.872414,-2.4691317
1620679779922,14.134487,-54.04131,-2.4670813
1620679779922,14.121859,-54.23861,-2.4643512
1620679779944,14.123127,-54.43311,-2.5100024
1620679779960,14.16067,-54.661716,-2.5663002
1620679779983,14.222878,-54.90422,-2.551388
1620679780000,14.258485,-55.089912,-2.516617
1620679780034,14.250028,-55.242413,-2.527781
1620679780075,14.221627,-55.40585,-2.6042206
1620679780075,14.157861,-55.540947,-2.6327298
1620679780088,14.098402,-55.644215,-2.5467956
1620679780099,14.054288,-55.757454,-2.428861
1620679780130,14.028386,-55.867027,-2.3111856
1620679780146,14.043387,-55.9644,-2.170706
1620679780159,14.05867,-56.05654,-2.0894828
1620679780179,14.056041,-56.154324,-2.1187043
1620679780207,14.038452,-56.227303,-2.1897151
1620679780221,14.015057,-56.27267,-2.161418
1620679780266,13.997488,-56.303207,-2.1044126
1620679780266,13.957274,-56.305843,-2.0601194
1620679780279,13.921594,-56.294136,-2.02233
1620679780300,13.896873,-56.298534,-2.0480742
1620679780324,13.889253,-56.30749,-2.0989034
1620679780339,13.907068,-56.334274,-2.1243334
1620679780359,13.927233,-56.423523,-2.145325
1620679780382,13.948182,-56.51352,-2.1541493
1620679780400,13.945888,-56.553978,-2.1239974
1620679780422,13.933448,-56.57295,-2.070063
1620679780466,13.941252,-56.6105,-2.0173283
1620679780466,13.926825,-56.65362,-1.9692274
1620679780479,13.927907,-56.71977,-1.9319475
1620679780504,13.906475,-56.772964,-1.9039729
1620679780519,13.894125,-56.836346,-1.901196
1620679780539,13.907541,-56.90855,-1.9149065
1620679780561,13.951129,-56.997868,-1.9180065
1620679780578,13.988073,-57.065994,-1.8795998
1620679780599,14.017109,-57.115604,-1.8310966
1620679780623,14.034266,-57.131588,-1.7962755
1620679780674,14.040775,-57.133575,-1.8176316
1620679780674,14.051003,-57.136555,-1.848237
1620679780683,14.060894,-57.138588,-1.8527354
1620679780700,14.078704,-57.15982,-1.8366479
1620679780719,14.085807,-57.177795,-1.820295
1620679780741,14.08666,-57.17617,-1.8253284
1620679780759,14.101109,-57.19998,-1.834053
1620679780779,14.117705,-57.248363,-1.832292
1620679780803,14.11881,-57.2913,-1.7895924
1620679780822,14.127408,-57.35947,-1.7564932
1620679780878,14.138043,-57.44259,-1.7526795
1620679780878,14.127216,-57.477074,-1.7255522
1620679780880,14.132262,-57.510788,-1.6814159
1620679780901,14.146681,-57.55329,-1.6685866
1620679780920,14.17544,-57.6058,-1.6903092
1620679780939,14.201059,-57.66674,-1.7327164
1620679780959,14.21726,-57.71098,-1.7811142
1620679780983,14.233467,-57.73078,-1.8262331
1620679781000,14.244853,-57.731808,-1.8701986
1620679781025,14.250125,-57.73548,-1.9214662
1620679781057,14.255459,-57.76073,-1.9629642
1620679781061,14.249139,-57.75939,-1.9447474
1620679781079,14.244055,-57.74889,-1.8993254
1620679781101,14.235504,-57.716713,-1.8575952
1620679781119,14.2381,-57.675667,-1.8407536
1620679781139,14.244688,-57.620262,-1.8658113
1620679781161,14.262847,-57.537903,-1.8951043
1620679781179,14.272797,-57.438293,-1.9174603
1620679781199,14.261473,-57.320015,-1.9480613
1620679781223,14.23601,-57.153362,-1.9625915
1620679781257,14.214544,-56.903687,-1.9730568
1620679781260,14.204398,-56.608334,-1.9623191
1620679781281,14.186404,-56.281353,-1.991257
1620679781299,14.147081,-55.95839,-2.1388626
1620679781323,14.139684,-55.51766,-2.4199817
1620679781341,14.128627,-54.974747,-2.6486244
1620679781361,14.122759,-54.43419,-2.8364468
1620679781378,14.073237,-53.888294,-2.975369
1620679781403,13.971933,-53.31817,-3.1659772
1620679781421,13.882074,-52.706516,-3.4075418
1620679781459,13.849708,-52.08102,-3.6869097
1620679781467,13.853896,-51.451897,-4.8399796
1620679781479,13.878528,-50.771175,-4.7295833
1620679781499,13.882803,-50.00458,-4.5126534
1620679781521,13.835341,-49.173565,-4.3367496
1620679781539,13.851795,-48.382633,-4.2596455
1620679781559,13.917086,-47.55978,-4.107338
1620679781581,13.98641,-46.625816,-3.839218
1620679781599,14.041742,-45.606564,-3.6151764
1620679781620,14.0647955,-44.526882,-3.4714787
1620679781648,14.079026,-43.455902,-3.5207129
1620679781659,14.126751,-42.43628,-3.7811701
1620679781680,14.126812,-41.38595,-4.248379
1620679781701,14.031176,-40.302258,-4.657973
1620679781722,13.881096,-39.166348,-4.756911
1620679781739,13.681758,-37.878284,-4.523665
1620679781761,13.467974,-36.42026,-3.9974625
1620679781779,13.274627,-34.885918,-3.2634516
1620679781801,13.112775,-33.376812,-2.4364026
1620679781822,12.98463,-31.939365,-1.7042122
1620679781857,12.902446,-30.53716,-1.0611503
1620679781868,12.879036,-29.117596,-0.49716136
1620679781881,12.866461,-27.596352,0.037073277
1620679781900,12.867102,-26.0252,0.40920797
1620679781921,12.880993,-24.516912,0.5780711
1620679781941,12.917741,-23.08259,0.5764683
1620679781959,13.008899,-21.788769,0.2755298
1620679781981,13.14877,-20.654697,-0.29228267
1620679782001,13.304281,-19.6834,-1.1619495
1620679782021,13.439306,-18.751629,-2.195999
1620679782059,13.52414,-17.705318,-3.1606529
1620679782065,13.535861,-16.508581,-3.8564217
1620679782079,13.528883,-15.281848,-4.2575297
1620679782102,13.508694,-14.16173,-4.5120144
1620679782122,13.457391,-13.182307,-4.6688886
1620679782140,13.393281,-12.3162775,-4.6782947
1620679782159,13.34801,-11.511966,-4.60364
1620679782182,13.322382,-10.661808,-4.473744
1620679782200,13.303402,-9.711033,-4.3219676
1620679782221,13.304891,-8.801265,-4.0950675
1620679782254,13.302422,-7.950163,-3.8535256
1620679782259,13.290871,-7.0903316,-3.7087932
1620679782280,13.27444,-6.2671666,-3.6035194
1620679782302,13.271066,-5.6108136,-3.521722
1620679782320,13.252695,-5.1372995,-3.5352912
1620679782341,13.216406,-4.825234,-3.548473
1620679782361,13.183484,-4.619005,-3.4954991
1620679782379,13.161584,-4.4564223,-3.262421
1620679782399,13.137293,-4.389816,-2.9727297
1620679782424,13.107565,-4.4326987,-2.759068
1620679782468,13.060686,-4.52641,-2.6710782
1620679782468,12.999289,-4.6717076,-2.5736568
1620679782491,12.9440565,-4.835743,-2.431981
1620679782499,12.899337,-4.948663,-2.252258
1620679782519,12.86414,-4.989699,-2.0171723
1620679782542,12.836059,-4.9829216,-1.7866874
1620679782559,12.852128,-4.9761224,-1.6798707
1620679782581,12.883949,-5.0282063,-1.6543214
1620679782600,12.917383,-5.115393,-1.6370252
1620679782625,12.949184,-5.1623816,-1.5566968
1620679782661,12.972838,-5.163724,-1.3910112
1620679782661,13.002346,-5.173059,-1.1664711
1620679782679,13.056463,-5.2169094,-0.9870877
1620679782700,13.115518,-5.2471633,-0.84229416
1620679782720,13.167595,-5.1890845,-0.6817702
1620679782739,13.218788,-5.0386305,-0.53755593
1620679782758,13.262533,-4.865055,-0.3598293
1620679782781,13.292991,-4.6790967,-0.19511288
1620679782800,13.308697,-4.4796805,-0.06198685
1620679782821,13.317624,-4.3068333,0.046396907
1620679782855,13.329398,-4.1865425,0.07166919
1620679782879,13.344231,-4.125969,-0.003640267
1620679782896,13.364336,-4.0983,-0.14300965
1620679782916,13.384559,-4.0949125,-0.29250214
1620679782927,13.399205,-4.0999985,-0.37432903
1620679782948,13.411071,-4.1320014,-0.42436108
1620679782968,13.417628,-4.1692276,-0.39353845
1620679782987,13.427224,-4.2045064,-0.32727244
1620679782999,13.431744,-4.235049,-0.23162714
1620679783028,13.422506,-4.2660694,-0.15815343
1620679783056,13.399096,-4.30253,-0.119419165
1620679783069,13.387848,-4.3418875,-0.1064128
1620679783082,13.384438,-4.3803325,-0.10536853
1620679783101,13.377093,-4.4106483,-0.12330687
1620679783118,13.359799,-4.40527,-0.17269516
1620679783148,13.331912,-4.357638,-0.206112
1620679783167,13.309635,-4.2811337,-0.14783977
1620679783182,13.320144,-4.229613,-0.058398806
1620679783201,13.350989,-4.227487,-0.049939457
1620679783220,13.381253,-4.2636294,-0.12965333
1620679783242,13.387199,-4.2578197,-0.19708186
1620679783268,13.381984,-4.1794095,-0.2000373
1620679783286,13.367284,-4.05565,-0.19376206
1620679783299,13.340866,-3.952163,-0.1847528
1620679783321,13.325567,-3.8647652,-0.22803214
1620679783344,13.317935,-3.7788653,-0.3091615
1620679783360,13.323027,-3.7259934,-0.3270455
1620679783380,13.334411,-3.7207775,-0.2739419
1620679783399,13.33921,-3.7486312,-0.22137251
1620679783420,13.334107,-3.7721407,-0.20975596
1620679783451,13.320721,-3.7774098,-0.1772597
1620679783459,13.315007,-3.7781837,-0.116097264
1620679783478,13.315298,-3.776489,-0.05842331
1620679783502,13.316112,-3.775225,-0.055417366
1620679783519,13.303137,-3.7586353,-0.077525906
1620679783540,13.284319,-3.7301726,-0.08455651
1620679783562,13.268205,-3.7026682,-0.10426243
1620679783579,13.267797,-3.722648,-0.09226029
1620679783599,13.264563,-3.7585409,-0.055468768
1620679783628,13.257687,-3.7508504,-0.019144302
1620679783675,13.2476425,-3.709795,0.033160344
1620679783676,13.247935,-3.6643214,0.055051103
1620679783682,13.253562,-3.628724,0.019648843
1620679783700,13.269184,-3.6048381,-0.05424582
1620679783720,13.278844,-3.5719206,-0.072533615
1620679783742,13.276617,-3.5085065,-0.079855435
1620679783760,13.261428,-3.3996332,-0.1125505
1620679783780,13.233446,-3.2064407,-0.21843962
1620679783802,13.187632,-2.889967,-0.38421476
1620679783820,13.129086,-2.4016821,-0.5459297
1620679783846,13.064935,-1.7267147,-0.56629497
1620679783866,12.997379,-0.8219082,-0.43202204
1620679783879,12.9235115,0.49804822,-0.30409834
1620679783901,12.856757,2.0966213,-0.20617649
1620679783921,12.808083,3.7911649,-0.24222977
1620679783940,12.856216,5.352546,-0.4814585
1620679783960,12.985159,6.7251973,-0.77082723
1620679783982,13.112661,8.025762,-0.9696237
1620679784001,13.197682,9.472488,-0.9619008
1620679784022,13.222969,11.172594,-0.7468285
1620679784056,13.188497,13.011684,-0.5365072
1620679784060,13.154983,14.80936,-0.54227996
1620679784079,13.162256,16.49029,-0.6625056
1620679784103,13.215524,18.104635,-0.69693834
1620679784119,13.292028,19.79057,-0.47991374
1620679784139,13.354891,21.500776,-0.0639278
1620679784161,13.399809,23.109722,0.26206675
1620679784180,13.370413,24.594652,0.5200725
1620679784199,13.29661,26.002958,0.9991218
1620679784224,13.183513,27.461494,1.5967178
1620679784263,13.089932,29.108488,2.1809185
1620679784263,13.011895,30.916056,2.7326455
1620679784281,12.954388,32.58481,3.051575
1620679784301,12.927095,33.824024,3.3233209
1620679784319,12.958031,34.647438,3.3938825
1620679784342,13.00147,35.234554,3.1294801
1620679784360,12.992535,35.902225,2.8937945
1620679784380,12.968586,36.716827,2.7091794
1620679784401,12.975994,37.447342,2.586147
1620679784422,13.015526,37.987522,2.4576437
1620679784461,13.05546,38.419827,2.4240296
1620679784466,13.057203,38.758286,2.4626563
1620679784479,13.065123,39.04108,2.4300036
1620679784502,13.055307,39.36097,2.367691
1620679784521,13.076442,39.842163,2.1998186
1620679784540,13.103072,40.335773,1.9360846
1620679784560,13.114548,40.666145,1.6761167
1620679784582,13.10102,40.93469,1.532638
1620679784600,13.116941,41.233753,1.5216267
1620679784622,13.170725,41.704826,1.8013866
1620679784656,13.274259,42.14436,2.0517476
1620679784661,13.384228,42.38755,2.1580803
1620679784680,13.427821,42.351475,2.2009735
1620679784702,13.44295,42.1313,2.3069644
1620679784719,13.442205,42.030678,2.5928226
1620679784741,13.422285,42.003872,2.9089217
1620679784764,13.3855095,41.907482,3.0532784
1620679784779,13.324897,41.715454,3.0743785
1620679784800,13.221143,41.40852,3.0781963
1620679784823,13.08866,41.047577,3.0745885
1620679784860,13.0055,40.712086,2.9863396
1620679784860,12.957472,40.349518,2.8395796
1620679784886,12.929663,39.712013,2.6029594
1620679784901,12.921247,38.687458,2.4171338
1620679784920,12.930335,37.35408,2.3765578
1620679784947,12.9424,35.98596,2.3898377
1620679784962,12.96319,34.775505,2.3891435
1620679784979,12.939068,33.525772,2.3772671
1620679785002,12.877999,31.877815,2.2345543
1620679785021,12.750994,29.936512,2.2045565
1620679785059,12.575146,28.297333,2.3327003
1620679785062,12.485373,27.189953,2.1995473
1620679785085,12.454822,25.983074,1.898434
1620679785101,12.396206,24.431698,1.6755987
1620679785122,12.290695,22.520863,1.4262716
1620679785140,12.089429,20.29392,0.9455204
1620679785162,11.876616,17.761301,-0.32554337
1620679785181,11.732464,15.133597,-2.3039677
1620679785200,11.669698,12.396676,-3.9879656
1620679785220,11.6782,9.585097,-5.0632563
1620679785242,11.671656,6.7494655,-5.809542
1620679785260,11.7009735,3.8712676,-6.360226
1620679785278,11.843808,0.9041798,-6.706775
1620679785302,12.12594,-2.0966191,-6.805335
1620679785320,12.472205,-5.0822544,-6.7400236
1620679785339,12.700761,-7.8592563,-6.4127336
1620679785361,12.745153,-10.510726,-5.6862497
1620679785379,12.821643,-13.21078,-4.9912214
1620679785400,12.953036,-15.8463955,-4.254512
1620679785423,13.061972,-18.136845,-3.4874156
1620679785457,13.061386,-20.003435,-2.7177935
1620679785461,12.975335,-21.636538,-1.8076073
1620679785482,12.924979,-23.27281,-0.8151767
1620679785499,12.917648,-24.741615,-0.088268176
1620679785518,12.868798,-25.924755,0.3616205
1620679785541,12.758534,-26.889858,0.6686048
1620679785561,12.63689,-27.78077,1.0321891
1620679785580,12.627322,-28.70493,1.4043442
1620679785600,12.708543,-29.576342,1.5736388
1620679785620,12.845907,-30.403545,1.4930174
1620679785648,12.973758,-31.15797,1.2309718
1620679785662,13.090396,-31.737106,0.8183786
1620679785679,13.19916,-32.154484,0.49103895
1620679785699,13.281318,-32.40118,0.31262413
1620679785720,13.381232,-32.56074,0.3026787
1620679785739,13.44221,-32.575207,0.36773095
1620679785763,13.458294,-32.44534,0.41133982
1620679785781,13.465004,-32.27503,0.47853294
1620679785800,13.446146,-31.980698,0.4166785
1620679785821,13.41303,-31.514254,0.24580255
1620679785856,13.38847,-30.871078,0.14693758
1620679785861,13.394729,-30.059843,0.23813327
1620679785880,13.408954,-29.02586,0.5313736
1620679785902,13.353207,-27.7857,0.7499034
1620679785919,13.311395,-26.44176,0.66703284
1620679785939,13.326973,-25.008009,0.5923375
1620679785967,13.346381,-23.433554,0.9982055
1620679785982,13.320742,-21.654171,1.6166527
1620679785999,13.299038,-19.878593,1.9691365
1620679786022,13.313145,-18.249092,2.008542
1620679786053,13.344595,-16.552452,1.8902576
1620679786064,13.400332,-14.678643,1.6142654
1620679786087,13.406441,-12.705626,1.1308167
1620679786107,13.358117,-10.833588,0.6740578
1620679786121,13.277343,-8.946674,0.28043815
1620679786141,13.212314,-6.9622145,-0.095513284
1620679786159,13.166561,-5.100135,-0.26221913
1620679786186,13.147645,-3.386958,-0.45967004
1620679786206,13.1181,-1.8449799,-0.5937694
1620679786225,13.088573,-0.56377596,-0.696075
1620679786260,13.087668,0.4833302,-1.012772
1620679786260,13.087986,1.4583503,-1.3508927
1620679786281,13.07701,2.3591285,-1.5521953
1620679786299,13.047195,3.1226501,-1.6122437
1620679786321,12.980558,3.708891,-1.450096
1620679786339,12.916035,4.033332,-1.2100807
1620679786358,12.844877,4.1227584,-1.1722338
1620679786381,12.784064,4.0167575,-1.3147357
1620679786399,12.729348,3.868724,-1.338689
1620679786420,12.665734,3.7267458,-1.0990726
1620679786446,12.601825,3.5707211,-0.70576704
1620679786458,12.58313,3.3289742,-0.64471143
1620679786480,12.573026,2.9436672,-0.83477145
1620679786501,12.58118,2.4936059,-0.9251549
1620679786519,12.566916,2.1388028,-0.80625707
1620679786540,12.523897,1.807892,-0.53049624
1620679786562,12.474397,1.396557,-0.14536554
1620679786581,12.572589,0.94490033,0.09613677
1620679786603,12.793475,0.39420238,0.025052894
1620679786624,12.918411,0.025803044,-0.14031063
1620679786664,12.971952,-0.065203495,-0.1812148
1620679786664,12.995056,0.03466172,0.114897415
1620679786680,13.0231285,0.31253734,0.44684657
1620679786700,13.058982,0.7405615,0.68269956
1620679786720,13.11314,1.1466402,0.86670494
1620679786741,13.174394,1.454154,0.9127148
1620679786760,13.214208,1.708148,0.7444955
1620679786782,13.208671,1.9828671,0.4424658
1620679786802,13.209354,2.260691,0.028840858
1620679786821,13.229477,2.3741634,-0.45664224
1620679786864,13.29246,2.288415,-0.80529875
1620679786864,13.388696,2.210925,-0.8383918
1620679786882,13.427651,2.2389114,-0.7779473
1620679786905,13.445435,2.2472923,-0.5923166
1620679786922,13.453262,2.185635,-0.047782432
1620679786940,13.4763,2.121505,0.51623446
1620679786960,13.479185,2.1538968,0.79606473
1620679786983,13.459962,2.1296842,0.8632262
1620679787000,13.433505,1.9569596,0.94747776
1620679787021,13.38351,1.7602397,0.97643447
1620679787070,13.285546,1.6196784,0.94956046
1620679787070,13.204609,1.5365982,0.88149035
1620679787081,13.162985,1.4970309,0.70155084
1620679787102,13.137825,1.42426,0.48586598
1620679787119,13.080788,1.1993947,0.48967478
1620679787139,12.984862,0.9041092,0.47623047
1620679787165,12.895612,0.6536821,0.34050193
1620679787185,12.822729,0.4796365,0.19146581
1620679787201,12.76698,0.3407257,0.2659658
1620679787224,12.714091,0.21584865,0.5226093
1620679787264,12.677009,0.09194289,0.6472289
1620679787264,12.66584,-0.0025434517,0.5994856
1620679787282,12.654842,-0.053486027,0.47715184
1620679787302,12.650331,-0.14578713,0.460234
1620679787320,12.60758,-0.2796157,0.5409468
1620679787342,12.551053,-0.34157798,0.5356253
1620679787360,12.509914,-0.28955454,0.47410542
1620679787383,12.426897,-0.14501044,0.4859789
1620679787401,12.33647,0.023777315,0.54786104
1620679787424,12.320047,0.092534535,0.52023154
1620679787470,12.329402,0.069172174,0.40960762
1620679787471,12.311074,0.006032238,0.42283422
1620679787487,12.251595,-0.03470241,0.58428127
1620679787502,12.202415,-0.05612285,0.74067414
1620679787521,12.182185,-0.032760665,0.7778517
1620679787540,12.16106,0.048144277,0.76617855
1620679787562,12.133407,0.119850636,0.82620203
1620679787584,12.132279,0.18623067,0.7752896
1620679787600,12.178302,0.25301623,0.6660115
1620679787623,12.233706,0.3338134,0.550128
1620679787665,12.257566,0.41625977,0.5025906
1620679787665,12.27807,0.48063305,0.50983
1620679787682,12.350733,0.45542443,0.5473226
1620679787702,12.452869,0.3707509,0.51318187
1620679787719,12.528152,0.32739767,0.4736576
1620679787741,12.5519495,0.35477602,0.45449787
1620679787764,12.550194,0.43300775,0.44868472
1620679787780,12.550459,0.5314771,0.48522386
1620679787801,12.563079,0.605572,0.51339024
1620679787823,12.592611,0.6351146,0.527774
1620679787867,12.643882,0.61627114,0.44102362
1620679787867,12.694203,0.6441965,0.31390238
1620679787882,12.744292,0.68838125,0.35199666
1620679787902,12.799588,0.68114877,0.43998116
1620679787919,12.833002,0.6428367,0.4628688
1620679787941,12.846941,0.5976333,0.41531113
1620679787959,12.868884,0.5750469,0.39616552
1620679787979,12.892156,0.5985314,0.43677095
1620679788003,12.887358,0.66800684,0.46811768
1620679788021,12.849808,0.70587444,0.48321712
1620679788070,12.811507,0.7085926,0.4263031
1620679788070,12.767164,0.6969674,0.33453795
1620679788082,12.733807,0.67018527,0.30758247
1620679788114,12.733662,0.6505934,0.31369716
1620679788121,12.732006,0.67026347,0.31415254
1620679788139,12.734678,0.7020292,0.31978974
1620679788160,12.763263,0.67182165,0.33366036
1620679788181,12.78882,0.67975247,0.23046625
1620679788199,12.8065605,0.8725438,-0.051177304
